Feature1,Feature2,Feature3,Feature4,Feature5,Feature6,Feature7,Feature8,Feature9,Feature10,Feature11,Feature12,Feature13,Feature14,Feature15,Feature16,Feature17,Feature18,Feature19,Feature20,Feature21,Feature22,Feature23,Feature24,Feature25,Feature26,Feature27,Feature28,Feature29,Feature30,Feature31,Feature32,Feature33,Feature34,Feature35,Feature36,Feature37,Feature38,Feature39,Feature40,Feature41,Feature42,Feature43,Feature44,Feature45,Feature46,Feature47,Feature48,Feature49,Feature50,Target
0.11,-0.326,-0.358,-0.969,-0.979,-0.292,0.684,-0.746,0.543,1.35,0.139,-1.318,-1.265,-2.572,-0.314,-2.114,-1.067,-1.786,0.18,0.406,0.19,-0.277,-0.393,1.616,0.595,1.534,-0.927,0.789,-1.338,-1.162,-0.571,-0.224,-1.36,-0.47,-0.621,-0.174,0.095,-0.915,-4.053,0.067,-2.434,1.032,0.742,-0.742,1.288,0.419,0.779,-0.349,-0.491,-0.091,-0.499
0.79,0.291,1.732,1.014,0.004,-0.653,0.511,-3.549,0.264,-0.045,-0.313,-0.622,1.24,1.028,0.649,0.473,-0.268,-0.095,-0.465,-0.723,-0.012,-0.169,-0.237,0.887,-0.421,-1.042,-0.531,-0.363,1.028,-0.366,-0.573,-1.225,-0.787,0.839,0.133,-1.268,0.799,0.005,0.304,0.506,1.276,-0.83,1.181,-0.253,-0.602,0.505,-0.009,-0.639,-0.553,-1.159,0.786
-0.747,-1.25,-1.27,-1.724,-0.442,0.541,-0.294,-0.901,-0.568,-2.41,-0.869,-0.86,-1.752,-2.317,-1.641,0.473,-1.585,-0.994,-0.873,-1.233,1.297,0.21,0.722,1.209,-0.013,-0.065,-1.38,-0.608,-1.953,-1.162,-0.575,2.12,-2.225,0.203,-0.817,0.36,-0.052,-1.089,-0.873,-0.131,2.344,-0.668,-0.243,-1.769,-0.671,-0.843,0.16,0.364,-1.097,0.996,-0.98
-0.829,-1.499,-0.823,0.687,-0.312,0.529,-0.571,-0.35,-0.926,1.943,-0.173,-0.622,-0.956,-0.201,-0.144,-1.252,1.401,-0.162,-0.431,-0.296,0.303,-1.552,-0.699,0.266,-0.525,0.675,1.098,1.551,-0.009,0.165,-0.427,-1.667,-0.991,0.523,0.872,1.229,-1.317,-0.492,-0.189,-0.195,0.427,1.631,-0.556,0.251,-0.273,-2.047,-2.54,1.671,1.91,2.294,-1.64
0.616,0.377,1.572,-0.532,-0.514,0.232,0.126,-0.102,-0.465,-0.589,-0.018,0.002,0.818,0.741,0.787,0.042,-0.333,0.487,-0.25,-1.277,-0.485,-0.523,0.752,-1.318,-0.276,-0.872,-0.1,-1.587,1.062,0.696,1.521,1.119,0.173,1.231,0.209,-0.187,1.508,1.297,-0.58,0.386,-0.458,-1.351,0.774,0.437,-0.233,-0.284,0.005,-0.547,-0.361,-0.202,-0.18
0.646,0.788,1.423,0.477,1.08,0.512,2.028,1.206,0.014,-0.671,-0.18,-0.204,1.111,1.055,0.964,0.042,-0.069,-0.052,-0.439,0.277,0.601,1.499,1.204,-0.188,-1.193,0.443,-0.591,-1.4,1.289,0.696,0.078,0.648,1.02,0.385,0.239,-0.205,1.226,0.967,0.097,0.521,0.693,-1.355,0.64,0.151,-0.564,-0.04,-0.913,-0.349,-0.27,-1.023,0.858
-0.986,-1.238,-1.142,0.234,-0.361,-0.824,-0.111,-1.704,0.312,-0.702,-0.628,-0.443,-0.799,-0.398,-1.222,0.042,-0.308,0.367,-0.422,-0.496,-0.181,0.691,-0.774,-0.006,-1.055,-1.093,-1.081,-0.823,-0.524,0.165,0.436,-2.046,-1.514,-0.161,0.314,1.053,1.079,-0.228,0.735,-0.089,-0.458,-0.511,1.127,-0.854,1.028,0.419,0.16,1.314,0.104,1.485,-1.058
0.425,0.053,1.285,-0.913,-1.036,-0.04,-0.367,0.691,0.78,-0.871,-0.271,-0.6,1.126,0.939,0.478,0.042,0.984,0.282,-0.564,0.258,0.571,-1.256,2.916,-1.306,-0.625,-0.602,-0.783,-0.943,0.853,0.165,0.082,0.878,-0.319,-1.351,-0.063,-0.197,1.396,1.169,0.595,0.38,0.712,-0.953,-0.229,0.214,-0.247,-0.441,-0.402,-0.646,0.724,-1.326,0.315
0.185,0.301,0.774,-0.89,-0.469,-0.091,-1.877,1.223,1.009,-0.357,-0.361,-0.228,1.079,0.939,0.691,0.042,0.418,0.282,-0.536,0.023,0.883,-1.468,1.316,-0.557,0.812,0.307,-1.023,-1.336,0.88,0.165,-0.219,0.977,-0.319,-1.272,-0.063,-0.586,1.396,1.275,0.355,0.413,0.71,-1.359,0.293,0.492,0.155,-0.212,-0.131,-1.24,0.591,-0.581,0.137
0.914,0.485,0.334,-0.393,0.052,0.54,-0.648,0.784,0.967,-1.33,0.372,-1.001,-0.368,-0.106,0.715,0.042,-1.247,-0.936,0.827,-1.122,-0.017,0.02,-1.256,1.117,0.798,-0.857,1.502,1.583,-0.582,-0.897,-2.882,0.126,0.433,0.111,1.394,1.322,-0.483,-0.905,-1.236,0.359,-0.456,1.178,-3.21,0.371,-4.01,0.419,0.16,1.671,-1.742,-0.839,1.537
0.355,0.604,0.86,-1.803,-1.123,-0.168,-1.397,1.366,0.16,-1.162,-0.477,-0.646,1.501,1.319,0.894,0.473,0.69,-0.844,-0.824,1.328,1.04,0.331,-0.055,0.252,0.992,0.758,1.388,-1.286,1.375,0.165,0.412,1.542,0.484,-0.133,1.068,0.242,1.399,1.324,-0.354,0.477,-0.43,-1.351,0.36,0.315,-0.371,0.075,0.048,0.245,0.668,-0.453,0.428
-0.838,-1.41,-1.809,-0.115,2.464,-1.017,1.613,0.313,0.345,-0.159,0.442,-0.193,-3.105,-3.37,-1.885,0.042,0.275,0.499,0.184,-0.843,-1.831,-0.794,0.923,0.38,-0.062,-0.533,0.067,0.092,-3.076,0.165,0.431,-0.895,-0.428,-0.641,1.708,0.356,0.969,-1.971,0.042,-0.396,-0.456,0.306,0.263,-1.892,-0.278,0.419,0.16,0.364,-0.628,1.645,-0.87
0.066,0.016,0.098,-1.604,0.029,-1.364,-0.677,-1.568,0.837,-0.275,-0.036,-0.634,0.763,0.627,0.161,0.904,0.518,-0.865,0.203,-0.05,-0.618,1.168,-0.11,0.624,-0.605,1.89,0.307,-0.156,0.535,0.961,-0.38,1.33,-0.995,0.121,1.068,0.327,1.532,0.446,-0.067,0.319,0.399,-0.223,-0.224,0.331,0.527,-0.613,0.273,0.364,0.814,0.1,-0.183
0.509,0.689,0.368,-0.193,0.205,0.376,-0.312,-0.476,-3.464,0.283,0.599,-0.986,1.025,1.052,0.595,1.335,0.357,-1.861,0.514,2.043,-0.847,-0.143,-0.739,-1.704,0.019,-0.1,2.219,0.136,0.297,0.165,0.261,0.672,0.232,0.362,1.445,0.241,-0.621,-0.894,0.043,0.399,-0.451,0.343,-0.21,0.445,0.218,0.19,0.16,0.327,0.445,-0.794,0.91
0.711,0.455,-0.325,-0.124,1.068,0.421,-0.859,1.287,-0.863,2.758,0.175,-0.196,0.755,1.132,0.781,0.042,-0.516,-0.122,-0.665,1.338,0.804,-3.703,-0.099,0.517,0.502,0.106,1.316,-1.058,0.259,-0.366,-0.106,-0.106,0.414,-1.331,0.872,0.34,-0.026,-0.678,1.411,0.401,2.149,-0.742,-0.088,0.271,-0.097,-0.269,-0.515,0.364,-0.389,-1.008,0.106
-0.638,-0.312,-0.059,0.831,0.515,-0.889,-0.993,-0.679,-0.416,0.346,-0.223,-0.907,-1.403,-1.878,-1.317,-2.114,-1.014,-0.306,0.189,1.305,1.079,-0.679,0.379,-0.755,-1.049,-0.064,-0.29,0.721,-1.66,-1.162,-1.273,0.275,-0.402,1.162,-0.063,-1.55,0.233,-0.669,-0.453,-0.073,1.288,0.834,0.194,-1.006,1.002,-1.76,-0.852,-2.131,-1.14,0.003,-0.735
-0.61,-0.096,0.043,-0.326,0.376,0.538,-1.511,0.011,-0.502,0.89,-0.91,-0.543,0.02,-0.47,0.249,0.042,-0.131,0.738,-0.862,-0.763,1.767,-0.888,0.668,0.554,1.1,0.943,-0.606,-1.069,-0.061,-0.897,-0.658,-0.313,-0.721,0.705,-0.063,-0.639,1.063,0.544,0.15,0.044,0.73,-1.267,0.477,-0.025,1.628,-0.613,-0.29,-0.289,-0.337,0.766,-0.618
0.965,0.571,1.6,0.898,-0.672,0.95,0.815,0.409,-1.001,0.065,0.429,-1.098,0.023,0.108,0.934,-1.252,0.586,-1.169,0.377,1.031,0.61,-0.392,0.786,0.166,0.661,0.076,0.486,-0.547,0.51,0.165,0.063,-1.333,-0.33,-0.562,0.51,0.53,0.632,-0.207,0.348,0.448,0.652,0.128,-0.735,0.381,-0.596,-0.04,0.216,0.364,0.305,-1.175,1.178
0.476,0.008,-0.452,-1.451,-0.875,-0.64,0.197,-1.58,1.03,-1.431,1.683,-0.326,-1.295,-1.21,-0.668,-1.252,-2.486,0.097,1.14,-1.277,-0.104,-0.621,-0.392,0.151,-0.387,0.461,-1.356,1.526,-1.675,-0.897,-0.574,-2.446,-0.292,0.536,-0.817,0.365,0.093,-0.398,-0.948,0.474,-0.445,1.888,-0.113,-0.39,-0.084,-0.843,0.16,0.364,-2.608,0.181,-0.689
1.349,0.935,1.028,-0.135,-0.159,0.357,-0.43,0.038,-0.499,-1.192,0.759,-0.699,0.352,0.321,1.27,0.042,-0.121,-0.061,0.683,1.207,-2.057,0.264,0.802,0.36,-0.537,1.195,1.797,1.093,0.907,0.961,-0.575,-0.723,0.092,-1.293,1.068,0.333,-1.191,-0.56,0.303,0.602,-0.448,0.95,-0.74,0.411,-0.673,-1.473,-0.459,0.364,-0.031,-0.875,0.712
0.754,0.192,1.481,-0.422,-1.122,1.697,-0.301,0.202,0.882,0.436,-0.153,-0.449,0.809,0.882,0.746,-0.39,0.36,-0.194,-0.284,1.738,-0.631,-0.498,2.238,1.115,1.088,-2.611,1.806,0.134,1.095,-0.366,0.072,-1.17,0.473,-1.741,1.626,1.325,-0.325,-0.04,0.724,0.425,-0.456,-0.019,0.201,0.429,0.279,-0.04,0.16,1.671,0.216,-1.537,0.978
-0.884,-0.742,-0.059,-1.218,-1.198,1.354,1.678,0.825,0.255,0.328,-0.493,0.344,0.493,0.439,-0.473,0.042,0.76,0.991,-0.602,-0.786,-0.323,-0.247,-1.208,2.203,0.111,-0.421,-1.784,-0.894,0.391,0.165,-0.209,-0.156,-0.68,0.077,-0.259,0.361,0.826,0.511,1.174,0.024,0.903,-0.942,-0.628,0.099,-0.97,-0.384,-0.29,0.364,0.493,1.105,-1.369
-0.205,-0.718,1.136,0.963,-1.401,0.337,0.972,-1.776,1.183,-0.2,-1.221,0.155,1.124,0.967,-0.295,0.688,0.036,0.59,-1.116,-1.572,-0.831,0.661,0.546,2.27,0.573,0.46,-0.543,-1.342,0.622,0.165,-0.928,1.155,0.54,0.108,-0.817,-0.878,1.401,2.286,-0.114,0.152,-0.442,-1.42,0.483,-0.474,-0.484,-0.558,-0.68,-0.398,-0.428,-1.259,0.669
-0.169,-0.79,-1.049,-0.312,-0.011,0.74,0.184,1.011,-0.314,0.057,-0.07,-0.158,0.73,1.077,-0.528,0.042,0.283,-0.169,-0.18,1.325,0.459,-0.201,-1.158,0.283,0.28,-1.86,1.175,0.345,0.3,-0.366,-0.021,0.672,-1.212,-1.415,0.51,0.353,-1.19,-1.208,0.218,-0.02,-0.453,0.252,0.038,-0.152,-0.387,-0.155,0.16,0.364,0.684,0.465,-0.567
0.758,0.747,0.675,-0.38,0.889,-1.319,-0.78,0.095,-0.569,0.293,0.128,-0.143,1.133,1.029,0.95,0.904,1.021,0.139,0.323,-1.358,1.513,1.254,-0.585,0.772,1.326,0.254,-0.652,-0.155,0.984,0.43,0.34,1.101,0.493,-0.1,-0.259,0.254,-0.93,0.569,0.097,0.484,-0.434,-0.27,-0.015,0.837,0.309,0.304,0.048,0.245,0.934,-0.192,0.451
0.442,0.561,0.606,0.58,-0.352,1.887,-0.245,0.076,-0.5,-0.647,0.683,-0.758,0.315,0.278,0.273,-0.39,1.878,-0.405,0.587,-0.469,-0.946,0.452,1.097,-1.037,-0.738,1.288,-0.926,0.58,0.596,0.165,0.057,-1.094,-1.069,1.414,0.133,-0.641,-1.317,-1.164,-0.532,0.345,0.494,0.651,0.005,0.684,-0.761,-0.135,-0.362,-0.943,1.588,0.302,0.956
0.085,0.073,1.313,-1.867,-0.183,-1.488,-0.167,-0.205,1.756,-0.089,-0.405,-0.928,-0.269,-1.099,0.165,-2.114,-1.127,-0.151,0.005,1.538,-0.132,0.123,1.63,-1.195,1.766,-0.112,-0.21,-0.239,-0.57,-1.693,0.077,-0.572,-1.049,1.271,-0.226,-0.645,0.799,0.545,0.449,0.264,1.286,-0.206,-0.25,-0.103,-0.106,1.451,1.454,-0.616,-1.266,-2.314,0.116
0.892,0.935,0.777,0.008,0.397,-1.059,0.414,-0.269,0.485,-1.356,0.682,-0.485,-0.2,-1.357,0.863,-2.114,0.611,0.202,0.84,0.685,1.025,0.378,0.815,-2.071,0.538,-0.114,-0.389,0.256,0.297,-0.853,-0.56,-0.985,0.646,0.046,-0.915,0.347,0.375,0.105,-1.882,0.387,-2.434,0.592,-0.926,0.839,-1.097,0.104,1.088,0.126,0.243,-0.267,0.922
-0.99,0.453,-1.088,-1.529,0.255,-1.362,-1.629,0.513,-0.321,-0.511,-1.47,0.078,-1.085,-1.564,-0.538,0.042,-0.733,0.598,-1.14,0.817,2.041,-0.414,0.62,-1.721,1.307,-1.396,1.192,-1.183,-1.465,0.43,-0.393,0.095,-0.835,-1.223,1.445,-0.195,1.401,-0.271,0.657,0.108,1.291,-0.77,0.002,-0.838,1.059,1.164,0.554,-0.349,-0.443,-0.346,-0.911
0.575,0.348,1.168,0.278,0.916,0.884,0.662,0.008,-1.139,0.736,0.283,-1.334,0.612,0.561,0.542,-0.821,0.592,-1.58,0.816,0.982,1.001,-1.52,-0.85,1.163,-1.575,0.933,0.117,0.513,0.81,-0.366,0.53,-0.848,-0.238,-0.257,-0.063,0.351,-1.317,-0.255,-1.171,0.366,0.415,0.517,-0.245,0.684,0.177,0.534,0.273,0.364,0.582,-0.654,0.518
0.412,0.417,-0.815,-0.404,-0.213,-0.216,0.104,-0.654,-0.111,1.248,-0.102,-0.631,0.954,1.18,0.121,0.473,-0.252,-1.121,0.049,2.247,0.953,0.426,0.363,-2.342,-1.066,-2.02,1.831,-0.515,-0.163,0.165,0.442,1.122,-1.059,1.656,0.872,0.341,0.969,-1.529,-0.165,0.215,-0.458,-0.347,0.269,0.204,0.293,0.419,0.16,0.364,-0.166,-0.64,-0.144
0.183,0.17,0.161,-1.396,-0.339,0.791,-0.461,-1.639,-1.183,0.752,1.139,-0.504,0.547,0.555,0.304,0.473,0.65,0.126,0.763,-0.812,0.045,0.374,0.69,0.492,-2.154,-0.288,-0.761,0.65,0.188,-0.366,0.243,-1.384,-0.313,0.718,-0.063,0.702,-1.317,-0.216,0.257,0.259,-0.457,0.654,-0.014,0.526,0.387,0.19,-0.065,0.839,0.278,0.828,0.536
0.827,0.515,0.452,-0.078,-1.046,-0.688,-0.486,-0.626,1.073,0.103,0.586,-1.242,-2.69,-2.138,0.204,-0.821,-0.226,-0.967,0.93,-0.168,0.286,0.828,-0.573,1.459,-0.897,-0.156,-0.679,1.037,-1.915,0.165,0.566,0.581,0.598,-0.359,0.314,0.343,-1.315,-0.576,-2.142,0.233,-0.453,1.457,0.202,-0.413,-0.358,-0.155,-0.121,0.364,-0.709,-0.793,0.8
0.476,0.27,-0.043,-2.289,-0.902,0.554,0.027,-1.21,-3.155,2.379,0.418,-1.185,0.772,0.684,0.166,0.904,1.281,-2.301,0.699,1.23,-1.8,-0.495,0.528,-1.04,-0.313,0.822,1.711,0.602,0.216,-0.897,1.449,1.076,-1.371,-0.281,1.068,0.703,-0.894,-0.537,-0.178,0.203,-0.452,0.429,-0.236,0.562,-0.193,1.623,1.322,0.839,0.49,0.203,0.478
-1.44,-2.073,-1.783,-2.372,-1.7,0.673,-1.671,0.804,1.949,-0.949,0.124,-0.048,-1.849,-2.03,-2.512,-0.39,-2.421,0.023,0.047,-1.288,-1.561,1.181,0.467,-0.165,0.763,0.464,-0.681,0.017,-2.624,-1.428,0.337,0.466,-0.039,0.914,-0.063,-3.455,1.656,-0.499,0.615,-0.464,-0.443,0.585,1.838,-2.376,-0.482,-1.301,-1.527,-4.507,-2.562,1.893,-2.135
0.649,0.654,0.077,-0.413,0.982,0.331,-0.104,-1.597,-0.609,-1.439,0.133,0.008,0.222,0.086,0.555,0.042,-0.199,0.349,-0.029,0.279,1.068,-0.344,-1.972,0.34,0.708,0.318,0.291,-0.081,0.019,0.696,0.441,0.61,-0.119,-0.315,0.314,-0.216,0.625,0.204,0.285,0.37,-0.455,0.066,0.309,0.15,-0.255,0.419,0.273,-0.349,-0.387,-0.661,0.45
0.293,0.162,0.668,-0.451,-0.974,-1.438,-0.548,-0.266,0.616,-0.152,-0.105,-0.065,0.33,0.421,0.309,-0.39,-0.507,0.299,0.171,0.988,-0.687,-0.39,-0.632,0.491,0.569,1.612,0.207,-0.199,0.848,-0.366,0.985,-0.552,0.146,-1.602,0.661,0.331,-0.049,0.189,0.239,0.389,0.661,-0.397,0.031,0.659,0.696,1.107,0.273,0.364,-0.552,-0.055,0.316
0.173,0.074,0.843,-0.017,0.087,0.969,1.78,-1.362,-1.446,0.658,-0.733,-0.105,0.348,-0.008,0.384,0.904,0.074,0.281,-0.271,-0.742,0.666,0.279,-0.324,-0.827,1.011,0.708,-0.156,-0.9,0.271,0.961,-0.388,1.28,1.275,0.903,0.133,0.367,-0.233,0.552,-0.776,0.312,-0.439,-0.781,1.002,0.456,0.999,-0.438,-0.754,0.547,0.218,-1.319,0.224
0.578,0.329,0.424,-0.269,-0.431,-0.9,0.342,-0.009,-0.15,0.799,-0.415,-0.178,0.776,0.719,0.605,0.904,0.795,-0.272,-0.615,0.182,-0.064,1.153,-2.266,0.359,-0.073,-0.094,-0.664,-1.069,0.453,0.165,0.153,0.631,-0.585,-1.331,-0.259,-0.201,0.837,0.727,0.796,0.454,-0.443,-1.056,-0.031,0.56,0.429,0.075,-0.177,-0.349,0.808,-0.738,0.397
1.708,1.461,0.834,0.364,-0.101,0.24,-0.387,-1.402,0.618,0.614,1.445,-0.581,0.396,0.575,1.745,0.042,-0.325,-0.093,1.142,-0.185,-0.732,-0.077,-1.012,-1.064,-1.288,-1.6,-0.324,1.176,0.347,-0.366,0.063,-0.717,0.074,0.381,0.133,0.705,-1.322,-0.281,-1.527,0.807,-0.46,1.424,0.073,1.072,-0.615,-0.04,0.048,0.839,-0.403,-0.641,1.476
0.059,-0.112,1.562,0.683,0.082,0.7,-1.451,-0.762,1.684,0.184,-0.826,-0.867,0.821,0.774,0.23,-0.39,0.101,-0.992,-0.372,1.609,0.79,-1.406,-0.581,-0.636,-1.381,-0.268,1.396,-0.381,1.133,0.165,0.641,-0.562,-0.455,-1.656,0.51,0.692,0.235,-0.065,-0.219,0.255,0.338,-0.461,0.339,0.122,0.795,0.534,-0.29,0.839,-0.166,-2.064,0.28
0.532,0.341,-0.696,-0.246,-0.5,0.207,-0.231,-1.414,-0.697,-1.048,-0.418,-0.374,-0.27,-0.489,0.61,0.042,1.109,-0.084,-0.623,0.73,-0.699,-2.388,-0.106,-0.565,-0.304,-0.593,1.407,-0.499,-0.313,0.209,-0.211,-0.018,1.236,-1.036,0.51,-0.191,1.112,-0.222,0.789,0.275,0.742,-0.57,0.087,-0.083,0.642,-0.327,-0.29,-0.349,0.703,-0.051,0.898
0.681,0.612,1.061,0.157,-0.922,-0.493,0.068,-0.032,1.286,0.364,0.378,-1.85,0.759,0.631,0.575,0.042,-0.079,-2.095,0.619,0.202,0.597,-0.198,2.064,-0.287,0.918,1.226,-0.638,0.68,0.504,-0.366,0.075,-0.13,-0.358,0.126,-0.096,0.353,-1.312,-0.429,0.853,0.4,0.745,0.632,0.395,0.653,-0.096,-0.083,0.273,0.364,-0.038,-0.67,1.14
0.263,0.325,0.759,-1.615,1.158,0.863,-0.863,1.865,-0.05,-1.474,-0.22,-0.702,0.947,1.05,0.382,0.473,-0.284,-0.821,-0.276,0.791,-0.381,1.612,0.274,0.075,-0.216,0.527,1.636,-0.44,0.435,-0.366,0.704,1.401,0.034,0.137,1.445,0.701,-0.753,0.638,0.167,0.355,-0.461,-0.383,1.217,0.351,1.396,0.763,0.498,0.839,-0.85,-0.676,0.433
0.336,0.095,1.209,-0.085,-1.113,0.061,-0.43,-1.528,0.292,0.012,-0.66,-0.477,1.125,0.841,0.32,0.042,1.708,-0.256,-0.329,-0.45,0.392,-0.052,0.911,-1.217,1.473,-0.64,-0.59,-0.207,1.005,0.696,0.439,1.282,0.338,-0.542,0.314,-0.647,1.545,0.406,0.109,0.343,0.403,-0.049,0.059,0.112,0.072,0.419,0.16,-0.943,2.047,-1.446,0.439
0.816,0.504,1.853,1.056,-0.227,1.175,1.929,1.199,-0.868,-0.719,-0.046,-0.717,0.925,0.656,1.197,-0.39,0.519,-0.186,-0.8,0.359,1.216,-1.435,-0.359,0.125,-1.583,2.543,-0.765,-1.413,0.781,0.165,-1.514,-2.172,-0.36,1.064,0.133,0.289,1.219,-0.055,1.435,0.436,1.281,-1.095,-0.214,0.633,-0.706,-0.212,-2.315,0.364,0.634,-2.209,1.031
1.191,1.017,-0.377,-0.225,0.694,0.509,0.384,1.44,-0.336,0.475,1.085,-0.529,-0.88,-0.805,0.832,0.042,-0.484,0.42,0.947,0.888,0.719,-1.259,1.935,-0.498,0.666,-0.184,1.067,1.435,-0.284,0.165,0.438,-1.39,-0.523,-0.168,0.51,1.33,-1.322,-0.487,0.75,0.657,1.29,1.402,-0.355,0.649,0.717,0.419,1.397,1.671,-0.247,-0.108,0.575
0.629,0.116,2.171,-0.239,-0.943,-0.354,0.39,0.345,-0.051,0.629,-0.538,-0.205,0.985,0.89,0.924,0.042,-0.851,-0.004,-0.859,0.891,0.98,0.106,-0.128,1.21,0.361,-0.274,-0.171,-1.377,1.138,0.696,0.069,0.625,-0.286,-0.146,0.133,-0.259,1.227,0.841,0.361,0.36,2.097,-1.158,0.371,0.446,-0.31,-0.508,-0.402,-0.349,-0.384,-2.174,0.385
0.539,0.597,0.385,0.464,1.418,0.505,0.563,1.667,-0.667,0.803,0.503,-0.289,0.605,0.441,0.468,0.042,0.809,-0.294,0.07,-0.897,1.645,0.683,-0.524,-1.789,1.2,0.325,-1.453,-0.131,0.213,-1.162,0.353,0.272,-0.005,0.053,-0.817,0.337,-0.483,0.05,0.865,0.35,-0.446,-0.081,-0.296,0.385,0.018,0.304,0.273,0.364,0.803,-0.362,0.477
-1.403,-2.083,-1.099,-1.018,0.021,0.503,1.107,-0.425,0.225,0.267,-0.443,-0.321,-0.798,-0.295,-1.96,0.042,-2.39,-0.158,-1.055,0.657,0.127,0.508,0.389,1.74,1.53,-0.504,1.523,0.914,-1.578,-0.366,2.44,-0.768,-2.186,-1.196,1.068,1.342,-0.483,-1.621,0.039,-0.292,-0.454,0.78,0.189,-2.005,-0.337,1.68,1.294,1.671,-1.949,1.066,-1.8
0.78,0.533,2.125,1.037,1.444,0.17,0.793,0.598,0.726,-2.559,0.191,-1.625,1.224,1.126,0.944,0.473,0.194,-2.422,-0.163,1.137,-0.172,-0.076,0.921,1.067,0.862,-1.025,-0.271,-0.181,1.454,-0.366,0.526,-1.446,0.272,-0.706,0.133,0.353,0.241,0.296,0.474,0.36,0.732,-0.299,2.121,0.729,-0.279,0.534,0.273,0.364,-0.003,-2.219,1.058
-3.419,-4.468,0.156,-1.838,-0.394,1.581,0.115,1.407,-0.955,0.693,-2.021,0.068,-1.003,0.063,-3.29,-4.269,-2.58,0.306,-1.938,-0.409,0.668,-0.618,0.767,-0.93,0.85,0.247,1.591,-1.134,-0.408,0.43,-1.425,0.396,-1.469,1.438,1.822,0.33,1.402,6.131,0.971,-0.375,-0.462,-0.011,-1.283,-2.423,-0.997,-4.627,-2.315,1.398,-2.254,0.367,-2.523
0.123,0.028,0.78,0.395,0.663,-1.49,1.174,-0.854,-0.836,-0.117,-0.21,-0.387,-0.198,-0.656,0.259,-2.437,0.511,0.912,-0.148,-0.059,-1.41,-1.988,0.336,-0.371,-2.648,-0.739,-0.627,0.583,0.842,0.43,-2.501,0.149,-0.006,0.233,0.51,-3.666,0.782,0.191,-1.033,0.262,0.513,-0.106,0.17,0.103,-0.111,-2.334,-2.258,-3.556,0.044,0.501,0.495
1.009,0.94,0.773,0.305,-1.395,1.357,1.173,0.424,0.264,2.313,0.679,-0.973,-0.51,-0.587,0.472,-1.252,0.578,-0.149,1.649,-0.069,0.418,-0.381,1.46,0.077,0.4,1.363,-1.114,1.346,0.481,0.43,0.533,0.16,0.236,0.033,0.314,-0.314,-1.314,-0.514,-1.601,0.359,0.508,1.713,-0.322,0.777,-0.313,-0.785,-0.29,-1.893,0.463,-0.313,1.271
0.761,0.52,0.765,0.231,-1.12,-0.61,0.185,-1.269,-2.666,0.965,0.44,-0.884,-0.8,-1.159,0.54,-0.821,-0.164,-0.251,0.641,0.276,-1.613,0.814,-0.678,0.379,-0.577,0.878,-0.596,0.216,0.208,0.43,0.252,0.327,-0.29,-0.299,0.314,0.146,0.795,-0.255,-1.335,0.429,0.523,0.669,0.584,0.229,0.536,0.132,-0.121,-0.052,-0.296,-0.99,0.835
0.658,0.763,0.178,0.983,-0.653,-0.509,-0.827,1.475,0.64,0.476,0.872,-0.041,-0.151,0.296,0.477,-1.252,0.18,0.392,1.221,0.117,0.121,0.165,-0.785,1.784,0.439,-1.768,0.925,2.376,1.146,0.43,-0.837,0.759,-0.691,0.524,0.872,-0.211,-1.317,-0.811,-1.856,0.345,1.285,2.354,1.193,1.091,0.78,-1.187,-1.415,-0.349,0.406,1.055,0.365
1.157,1.055,0.638,0.617,-0.378,0.873,0.483,0.675,-0.433,-0.739,1.483,-0.731,-0.612,-1.524,0.968,-2.114,0.145,0.179,0.688,-0.14,0.063,0.696,-0.22,0.819,-0.432,-0.014,-0.289,0.317,0.195,-0.897,-0.567,-0.557,0.263,0.241,-0.259,0.358,-0.612,0.493,-0.172,0.512,0.511,0.86,0.456,0.916,0.039,-0.843,-0.29,0.364,0.151,-1.157,0.818
1.405,1.28,1.328,0.846,-0.296,0.907,-0.685,1.677,-1.746,-0.218,1.198,-1.468,0.233,0.493,1.469,-0.821,0.525,-2.031,0.766,1.189,-0.318,2.052,-0.781,-0.259,1.433,1.363,-0.38,0.944,1.109,-0.366,-1.31,-1.13,-0.054,-0.533,-0.063,1.318,-1.316,-0.029,0.425,0.636,2.141,1.068,0.123,1.52,-0.35,-0.785,0.835,1.671,0.445,-0.721,1.445
0.743,0.174,0.932,0.291,0.004,-1.715,-0.089,0.198,-1.714,-1.687,-0.074,-1.318,1.297,0.886,0.546,0.042,1.798,-1.969,0.163,-0.182,-0.751,0.156,-1.268,-1.042,0.706,0.552,-0.811,-0.02,1.149,0.696,0.438,1.674,1.235,-0.687,0.314,0.338,0.969,0.704,-1.51,0.364,-0.447,-0.235,0.677,0.23,0.281,0.419,0.835,0.364,1.837,-0.761,0.669
1.279,1.321,-0.004,0.18,-0.635,1.305,0.547,-1.421,0.963,-0.7,2.019,-0.668,-0.577,-0.394,1.494,-0.39,0.101,0.664,1.528,-0.378,-1.417,-1.525,-0.506,-1.62,-0.244,1.129,1.035,3.144,0.378,0.165,0.435,-1.175,-1.481,0.698,0.314,1.334,-1.322,-0.893,0.198,0.648,-0.456,3.192,-0.475,1.462,0.049,0.419,1.397,1.671,-0.036,0.834,1.489
-0.809,0.176,0.554,-1.57,1.724,1.278,0.218,0.004,2.476,-1.185,-1.467,-0.361,0.557,0.342,0.361,0.904,0.053,-0.276,-1.61,-0.404,-0.892,0.366,0.424,0.168,-2.063,-0.483,0.042,-1.23,0.351,0.696,-0.287,1.46,-0.252,0.269,1.445,0.335,1.381,1.196,-0.512,0.334,0.397,-1.379,0.429,0.039,0.74,-1.129,0.385,0.364,0.211,-0.595,-0.806
0.461,0.527,0.707,0.809,-2.464,-0.138,0.225,-1.563,-0.371,0.027,0.445,-1.784,0.536,-0.089,0.368,0.042,0.457,-2.043,1.008,0.449,-0.246,-0.685,-1.596,-0.586,2.775,-0.822,0.19,0.394,0.351,-0.366,-0.012,0.155,-0.15,0.194,-0.03,0.704,-1.313,0.307,-0.385,0.388,2.992,0.467,0.362,0.592,0.024,-0.155,0.273,0.839,0.797,-0.252,0.537
0.609,0.461,0.619,0.775,0.372,0.396,-1.246,0.628,0.718,1.478,0.14,-0.334,0.944,0.906,0.658,0.904,0.999,-0.434,-0.168,-0.215,0.368,1.082,-0.215,0.545,-0.685,-0.921,-0.858,-0.604,0.741,0.43,-0.1,0.588,0.589,-0.901,-0.817,-0.19,-0.256,0.581,0.58,0.453,-0.451,-0.737,-0.235,0.4,-0.79,-0.269,-0.515,-0.349,1.158,-0.797,0.438
0.624,0.518,0.487,-2.662,-0.025,-1.438,-0.232,-0.05,2.064,0.721,-0.097,-0.454,1.197,0.96,0.558,0.257,0.374,-0.663,-0.199,1.241,1.753,-0.183,0.689,-1.263,0.347,0.522,1.439,-0.324,0.969,-0.897,1.358,1.627,-1.171,-0.104,1.068,0.699,-0.067,0.248,0.237,0.345,1.102,-0.635,0.182,0.477,0.291,1.68,1.285,0.839,0.37,0.044,0.8
0.852,0.82,0.616,-0.138,-1.253,-1.464,0.257,-0.071,0.928,-0.595,0.636,-0.671,0.433,0.393,1.014,0.042,-0.502,0.021,0.7,0.694,1.209,-0.897,1.127,-0.822,0.197,-0.403,1.854,1.078,1.08,0.165,-0.579,-0.621,0.148,-0.931,1.068,0.347,-1.191,-0.264,-0.014,0.441,-0.452,0.95,-0.588,0.931,-0.735,-1.105,-0.149,0.364,-0.342,0.031,0.947
0.43,0.225,-0.893,-0.803,-0.909,-0.792,-1.131,2.064,1.119,0.26,0.49,0.131,-0.61,-0.388,0.063,0.042,0.626,0.381,1.013,-0.694,0.792,-0.457,0.471,-0.125,-1.121,0.117,-0.269,1.672,-0.57,0.961,-2.607,1.49,0.295,0.621,0.133,0.188,-0.609,-0.842,-1.399,0.119,-0.461,1.517,-2.44,0.318,-2.285,-4.627,-4.789,0.364,0.083,1.578,-0.258
0.573,0.47,1.074,0.996,0.086,-0.01,0.188,-0.317,-0.489,-1.259,0.028,-0.555,1.298,1.039,0.691,0.042,1.273,-0.647,-0.051,-0.657,0.71,-1.935,0.173,-0.187,0.026,-0.298,-0.617,-0.382,1.062,-0.897,0.519,0.953,0.553,0.43,-0.259,0.52,1.111,0.469,0.43,0.367,-0.449,-0.316,0.033,0.619,1.124,0.534,0.61,0.602,1.273,-0.984,0.501
-0.521,-0.723,-2.145,-1.852,-0.872,-0.828,-0.194,-0.418,-0.517,0.511,-0.628,-1.045,-2.566,-3.724,-1.373,-0.821,-1.065,-1.391,-0.595,0.109,0.418,1.868,0.68,-0.138,1.331,-0.049,-0.582,0.143,-2.654,0.165,0.076,0.473,-0.97,-1.664,1.068,1.334,1.301,-1.789,-0.606,-0.275,-0.454,-0.173,0.187,-2.173,0.818,-0.04,0.273,1.671,-1.526,0.003,-0.949
0.106,0.132,-0.545,-0.094,0.893,-0.507,1.566,0.856,0.236,0.195,0.157,0.119,-0.236,-0.627,-0.286,0.042,0.619,0.165,0.246,-0.05,-1.371,0.798,-0.382,0.311,1.297,0.739,-1.065,0.127,-0.39,0.165,0.064,0.108,-0.563,0.645,0.133,0.336,0.88,-0.402,1.106,0.114,-0.448,0.176,0.155,-0.183,0.238,0.19,0.498,0.364,0.017,0.39,0.828
-0.3,0.131,1.262,1.415,1.058,-1.514,0.716,-0.423,-0.447,0.054,-0.69,-0.595,0.73,0.59,0.307,-0.39,-0.725,0.091,-0.553,0.262,0.285,-1.194,1.628,0.159,0.054,-0.193,-0.714,-1.019,0.493,0.43,1.446,-1.783,-0.218,1.095,0.133,0.331,1.22,-0.259,1.056,0.421,1.279,-1.095,-0.299,0.267,-0.687,1.68,0.835,0.364,-0.221,-1.385,0.327
0.213,0.338,0.559,0.289,-0.325,1.378,-1.752,0.411,-1.854,-1.367,-0.082,-1.18,0.28,-0.328,0.134,0.042,0.114,-0.615,0.514,0.442,-0.45,-1.103,0.468,-1.96,0.106,-0.105,0.357,0.061,0.051,-0.897,-0.016,0.123,-1.044,0.241,-0.096,0.725,-0.186,0.036,0.154,0.208,0.277,-0.089,-0.305,0.224,0.403,-0.155,0.273,0.839,-0.197,0.078,0.411
0.756,0.515,0.741,1.007,0.798,0.132,0.731,-0.816,0.458,0.073,-0.026,-0.44,0.993,0.993,0.815,0.042,0.189,-1.161,-0.255,-0.153,1.039,-1.127,0.049,0.649,-1.092,-1.071,-2.195,-0.707,0.952,0.43,-0.58,0.342,0.965,-0.857,-0.259,0.341,0.394,0.579,0.773,0.481,-0.458,-0.645,0.037,0.697,0.14,-0.843,0.048,0.364,0.272,-0.944,0.336
-0.036,0.011,0.816,1.154,0.845,-0.095,1.069,0.54,1.431,-0.568,-0.191,-0.535,0.21,0.355,-0.176,-0.39,-0.385,0.188,0.077,0.076,-1.053,1.861,1.519,0.725,-0.82,-0.92,-0.562,-0.083,0.218,0.165,0.352,-1.203,0.032,0.321,0.133,0.706,-1.318,-0.088,0.311,0.354,1.511,-0.099,0.416,0.246,-0.408,0.247,0.329,0.839,0.112,-0.668,0.231
0.825,0.711,1.238,0.892,-2.235,0.689,-1.488,0.413,0.223,-0.135,0.756,-1.453,0.833,0.373,0.591,0.042,0.422,-1.299,1.1,1.916,-0.368,1.376,-0.108,-0.516,0.326,0.527,0.201,0.728,0.43,-0.897,0.066,0.381,0.001,-1.23,-0.621,0.597,-1.314,-0.077,-0.367,0.298,-0.459,0.772,0.227,0.75,0.32,-2.334,-2.258,0.245,0.393,-2.059,1.094
0.596,0.237,1.166,-0.814,-0.403,1.314,0.374,-0.064,-0.825,0.959,-0.424,-1.265,1.439,1.326,0.611,0.473,1.896,-2.38,-0.737,1.978,0.448,-0.77,2.253,0.634,-1.34,-0.273,1.579,-0.986,1.244,0.165,0.529,1.701,-0.065,-0.739,1.445,0.244,0.966,0.809,-0.301,0.44,-0.447,-1.133,0.15,0.344,0.425,0.476,0.291,0.245,1.268,-1.325,1.17
0.681,0.131,1.187,-0.555,-0.146,1.119,0.386,0.119,-0.497,0.439,-0.189,-0.995,0.107,0.268,0.498,-0.39,-2.08,-1.221,0.455,0.448,-0.667,0.761,-1.053,1.885,0.879,-0.241,0.354,0.494,0.01,-0.897,0.986,-0.217,0.214,-1.235,0.51,1.318,-0.46,0.306,-0.636,0.368,-0.448,0.641,0.273,0.069,0.75,1.107,0.273,1.671,-2.517,-1.527,0.667
0.714,0.704,0.225,-0.412,-1.006,-0.418,-0.512,0.601,2.207,-0.431,0.446,-0.561,1.07,1.039,0.668,1.335,0.421,-0.66,0.574,1.218,0.166,0.655,-0.41,0.663,-0.438,-0.35,2.236,0.34,0.47,0.165,0.253,0.988,-0.226,0.954,1.068,0.247,-0.621,-0.932,-0.043,0.411,-0.449,0.338,-0.086,0.663,0.434,0.19,0.16,0.245,0.279,-0.048,1.128
-0.413,-0.227,0.512,2.025,-0.554,0.796,-0.405,1.558,-0.623,1.276,-0.446,-0.474,0.777,0.513,0.243,-0.39,1.988,-0.036,-0.011,0.488,-0.263,-1.414,1.136,1.048,-0.097,1.148,-0.932,-0.52,0.939,0.829,0.08,-1.789,0.8,0.95,0.133,0.343,0.233,-0.135,0.851,0.107,1.28,-0.886,-0.384,0.426,-0.364,-0.04,0.273,0.364,2.237,0.689,-0.004
0.619,0.566,0.008,0.579,1.387,-0.315,0.962,-0.121,-0.013,0.415,0.159,-1.533,-0.067,-0.67,0.55,0.042,0.298,-2.185,0.181,0.444,-0.607,-0.862,0.948,-0.3,-0.806,1.224,-0.828,-0.432,0.059,-1.162,-0.39,-1.992,0.971,-0.277,0.133,-0.648,-0.05,0.583,-0.049,0.327,-0.447,-0.233,-0.076,0.299,-0.379,-0.671,-0.365,-0.943,-0.546,-0.195,1.063
-1.174,-2.022,-0.641,-0.482,0.49,2.531,0.516,1.242,0.483,-1.21,-0.367,-0.783,-0.062,0.43,-1.125,0.042,-2.363,-0.323,-0.106,0.295,1.148,-1.65,-0.057,-0.785,-0.262,-1.706,-0.151,-0.372,-1.197,-0.897,-0.584,-2.854,-0.864,-0.061,-0.259,0.363,0.661,-0.079,0.794,0.176,-0.456,0.289,-0.722,-1.534,-0.887,-0.843,0.16,0.443,-2.114,0.218,-1.383
0.511,0.589,-0.823,-1.755,-0.46,0.616,0.096,0.284,1.626,-0.268,0.768,-0.774,-0.554,-1.201,0.3,0.904,-0.156,-1.453,0.886,0.199,0.249,0.683,0.107,-2.645,0.669,-1.536,-0.247,1.984,-0.95,0.165,0.447,0.479,-0.444,-0.738,0.314,0.328,0.1,-0.726,0.44,0.187,-0.45,1.553,-0.298,0.06,0.163,0.419,0.16,0.364,0.018,0.69,-0.726
0.479,-0.159,1.176,-0.483,1.419,0.845,0.675,0.178,0.062,-0.391,-0.43,-0.363,0.887,0.913,0.565,-0.39,0.308,-0.145,-0.635,1.634,2.262,0.21,-0.199,0.194,0.341,-2.868,1.889,0.134,1.335,-0.366,0.076,-2.065,0.095,-1.416,1.626,1.332,0.563,0.008,1.31,0.475,0.151,-0.701,-0.309,0.093,0.107,-0.04,0.16,1.671,0.329,-0.483,0.642
0.793,0.396,1.175,-0.173,-1.584,-2.507,0.576,-0.905,-0.088,-0.08,0.114,-0.41,-0.138,-0.53,0.861,0.042,0.713,-0.309,-0.158,0.259,0.302,0.549,0.419,-0.245,-1.793,0.07,-0.744,-0.334,0.607,1.227,1.438,0.696,0.381,0.175,-0.063,-0.306,0.939,-0.062,-0.219,0.355,1.276,-0.272,0.232,0.545,-0.803,1.68,-0.065,-0.349,0.854,-1.536,1.093
-1.431,-0.371,1.38,-0.653,0.558,0.196,1.393,0.006,0.701,0.144,-2.138,-0.146,1.789,1.414,0.212,0.904,-0.967,0.012,-1.914,0.951,0.172,0.175,2.761,0.569,0.475,1.233,0.647,-1.19,1.425,-0.897,0.063,0.877,0.625,-0.258,0.133,0.255,1.108,1.64,0.164,0.43,-0.453,-1.699,-0.022,-0.198,0.369,0.266,-0.149,0.126,-0.468,-0.707,-1.129
-0.449,-0.396,0.789,-0.741,0.829,1.096,2.104,-0.073,0.401,1.954,-0.876,-1.187,0.893,0.616,0.241,-1.898,-0.349,-2.096,-1.0,0.898,-0.863,0.402,-0.377,0.854,-0.305,0.461,-0.533,-1.494,0.704,0.165,0.579,1.712,-0.177,-0.771,0.51,0.024,1.688,2.416,-0.827,0.223,0.399,-1.549,-0.133,-0.086,0.423,-0.212,-0.459,-0.349,-0.638,-1.442,-0.226
1.086,0.682,2.429,1.184,-1.439,0.364,1.246,0.633,-2.064,-0.892,0.296,-1.486,0.722,0.366,1.164,-0.821,0.679,-2.115,0.463,1.164,0.697,0.363,1.162,-0.097,-0.933,1.677,0.054,0.622,1.165,-0.897,0.982,-0.818,-0.185,-0.337,-0.621,0.35,0.093,0.324,0.031,0.567,-0.454,0.03,0.654,0.718,-0.455,1.107,0.863,0.364,0.459,-1.821,1.743
-1.05,-0.991,-1.446,1.711,0.629,-0.384,-1.6,2.647,1.162,-1.144,-0.931,0.186,-2.148,-2.495,-1.558,0.042,-2.487,0.433,-1.262,-0.689,0.858,0.645,-1.107,-1.212,-0.914,-1.183,-0.194,-1.075,-2.179,0.165,0.442,2.592,1.173,1.035,0.314,0.348,0.398,-0.045,1.119,-0.24,-0.45,-1.101,-0.386,-1.845,1.092,0.419,0.16,0.364,-2.564,0.839,-1.36
-1.241,-1.289,-1.054,0.911,-1.106,1.863,-1.56,-0.709,0.626,0.99,1.355,-0.351,-0.198,0.261,-1.214,0.042,0.372,0.535,1.89,-0.422,-1.88,1.201,1.37,0.348,-0.751,0.15,0.166,-0.103,-0.387,-0.897,-3.569,-3.542,-0.798,0.485,-0.063,0.353,0.66,-0.833,1.314,-0.039,-0.45,0.133,-0.327,-0.655,-0.469,-2.735,-2.315,0.364,0.946,1.813,-1.052
0.686,0.663,0.616,-1.556,-1.018,-0.059,1.544,-1.741,-1.109,1.418,0.874,-0.996,0.301,0.244,0.829,0.473,-0.448,-0.977,0.289,0.178,-0.868,-0.118,1.232,-0.088,0.454,0.775,-0.529,-0.791,0.202,-0.897,0.262,-1.564,0.926,0.038,-0.063,0.717,0.09,1.009,0.56,0.507,-0.46,-0.755,0.399,0.993,0.165,0.19,-0.065,0.839,-0.037,-0.356,1.198
0.062,0.207,0.851,0.609,-0.174,0.367,-0.146,-0.512,-1.439,0.296,-0.88,-0.036,0.838,0.702,0.324,0.904,0.522,-0.012,-0.829,0.129,-0.987,-0.574,0.772,0.174,-0.283,0.281,-0.587,-0.538,0.545,0.696,0.262,0.75,-0.48,-1.344,-0.621,0.071,1.109,0.497,1.273,0.387,1.35,-0.344,-0.063,0.225,0.217,0.362,0.24,0.126,0.754,-0.947,0.202
1.024,0.842,-0.038,-0.446,1.03,1.078,-0.703,0.931,-1.056,-0.731,0.603,-0.168,-1.308,-1.32,0.536,0.042,1.335,-0.007,0.489,-0.093,1.439,-0.025,-0.603,1.498,-1.716,-0.233,-0.854,0.516,-1.01,1.227,0.064,0.234,0.663,0.128,0.314,-0.195,0.94,-1.444,0.458,0.327,2.098,0.328,0.076,-0.481,-0.895,-2.334,-2.54,-0.349,1.045,-0.342,1.11
0.776,0.509,1.139,1.271,0.609,0.838,-0.251,-1.45,1.011,0.038,0.582,-1.201,0.362,0.271,0.716,-1.252,0.158,-2.179,0.612,1.982,-1.186,1.341,1.477,-0.357,0.984,1.27,0.484,0.463,0.936,0.43,-1.3,-0.121,0.528,-0.838,0.51,0.27,1.081,0.099,-0.829,0.381,0.734,0.505,-0.272,0.535,-0.61,-2.047,-2.258,-1.596,0.398,-1.509,0.874
0.991,0.837,-0.07,-0.354,1.033,0.573,-0.355,-0.73,0.451,0.735,1.127,-1.632,-0.936,-1.673,0.562,0.473,-0.609,-2.117,1.744,-1.306,-0.476,-0.539,-1.102,0.087,0.769,-0.546,-1.264,1.383,-0.729,-1.162,-0.854,2.433,0.569,0.678,-1.013,0.366,-1.321,-0.609,-0.845,0.444,-0.457,1.882,-0.529,0.335,-0.88,-1.187,-0.29,0.364,-0.784,-0.111,0.733
0.505,0.28,0.672,-0.494,0.927,0.564,2.156,-1.786,-0.277,0.83,-0.41,-0.175,1.243,1.109,0.252,0.904,1.155,0.037,-0.225,-0.93,-0.16,-1.862,1.161,-0.479,0.627,0.405,-0.696,-0.182,0.949,0.43,0.248,1.218,0.068,-0.343,0.133,0.255,-0.886,0.593,-0.06,0.36,-0.437,-0.237,1.008,0.315,0.422,0.19,-0.177,0.245,1.183,-0.307,0.41
0.966,0.874,0.751,0.693,-2.006,-0.24,-1.17,0.24,0.354,1.487,0.961,-0.365,0.751,0.912,1.143,-0.39,0.563,-0.138,1.277,0.897,0.007,-0.855,0.496,-0.205,-1.249,1.692,1.284,1.063,0.858,0.43,0.524,-0.932,-0.086,-1.046,1.068,0.308,-1.313,-0.568,-0.795,0.576,-0.457,0.45,0.197,1.194,-0.28,0.534,-0.29,0.364,0.815,-0.339,1.188
0.924,0.577,1.579,0.703,-0.936,0.345,0.547,1.487,0.493,-0.174,0.325,-1.679,1.02,0.469,1.038,0.042,0.269,-1.862,0.391,0.844,0.689,-0.852,-0.991,1.129,-1.326,-1.868,-0.09,-0.057,0.602,-0.897,0.251,-0.021,-0.11,-0.076,-0.259,0.355,-0.746,0.149,0.207,0.476,0.739,0.049,0.253,0.814,0.169,0.19,0.498,0.364,0.149,-1.451,1.152
-1.57,-2.005,-1.691,-0.756,-1.581,-0.436,2.421,1.001,-0.222,0.111,-1.022,-0.599,-2.61,-1.563,-1.454,-2.707,-2.5,0.405,-0.477,0.087,-2.134,-0.768,1.272,1.552,-0.66,-1.091,1.132,1.381,-2.956,-0.897,0.441,-1.322,-1.453,0.059,0.51,1.321,-1.138,-0.689,0.046,-0.403,-0.457,0.821,-0.311,-2.845,0.304,0.419,1.397,1.671,-2.595,0.992,-1.892
0.227,-0.014,1.696,-0.146,0.368,-0.27,-1.778,0.368,1.92,-0.592,-0.588,-0.496,0.708,0.914,0.25,-0.39,-0.185,-0.448,-0.385,1.837,-2.052,-0.037,0.44,0.89,-1.149,0.497,1.774,-0.68,0.83,0.165,0.065,-1.305,-0.337,-1.881,1.626,-0.198,0.654,-0.091,0.742,0.239,-0.454,-0.702,-0.592,0.209,-0.79,0.82,1.06,-0.349,-0.137,-2.437,0.547
0.501,0.436,-0.978,0.005,0.389,0.024,0.69,1.123,-0.703,-1.713,0.222,-0.099,0.583,1.077,0.156,0.042,-0.164,0.079,0.627,0.932,0.326,-0.392,1.768,0.652,0.416,0.522,1.394,0.152,-0.194,-0.764,0.082,1.39,-0.263,-0.972,0.872,0.348,-1.19,-1.542,-1.256,0.173,-0.457,0.306,0.41,0.032,1.654,-0.04,-0.29,0.364,-0.543,0.058,0.011
0.605,0.501,-0.27,0.429,-1.785,-0.255,-1.052,2.491,0.479,0.421,0.235,-0.371,-0.911,-1.337,0.706,-1.252,0.647,0.313,-0.286,-1.194,0.74,0.478,1.101,-0.498,-0.466,0.533,-0.636,-0.641,-0.43,-0.366,-3.569,-1.776,0.331,0.816,0.314,-0.804,0.511,-0.55,0.437,0.336,0.739,-0.309,-1.616,0.115,-1.566,0.209,-0.655,0.364,0.414,0.023,-0.165
-0.199,-0.19,-0.747,0.251,-0.268,-2.171,1.06,0.366,0.187,1.517,1.168,-0.043,-0.705,-0.476,-0.777,0.042,0.459,0.3,1.355,-0.7,0.457,0.578,-0.347,-0.878,-0.769,0.522,-0.276,0.565,-0.705,0.497,-0.295,-0.192,-0.338,1.234,1.068,0.338,-1.191,-1.2,1.548,0.026,-0.452,0.471,0.455,-0.23,-0.378,-0.499,0.385,0.364,0.567,1.079,0.11
-1.239,-1.564,-0.789,-0.466,0.268,0.324,-0.412,0.937,-0.113,0.227,0.28,-0.523,-0.406,0.075,-1.192,0.473,0.427,0.406,0.041,0.255,-1.152,-0.634,1.166,0.044,-0.718,-0.76,-0.771,0.69,-0.507,0.165,0.624,-2.389,-1.134,-0.164,0.51,0.874,-1.318,-0.767,1.02,-0.183,-0.46,0.751,-0.372,-0.798,-0.34,0.648,0.835,1.077,1.004,1.603,-1.278
1.041,1.17,0.565,1.085,1.227,-0.33,1.147,0.924,0.451,0.938,1.218,-0.15,0.053,0.353,1.09,-1.252,0.868,0.14,1.336,0.553,-1.659,1.574,2.827,2.027,2.123,-0.495,1.053,2.311,1.146,0.43,-0.85,0.314,-0.719,0.275,0.51,-0.254,-1.312,-0.701,-1.538,0.455,1.283,2.354,1.062,1.666,-0.234,-1.187,-1.415,-0.349,0.881,0.756,1.224
0.947,0.911,0.989,0.959,-0.942,-1.241,-0.828,0.302,-0.289,-1.481,0.935,-1.671,0.877,1.068,1.037,0.473,1.39,-2.35,1.186,0.219,0.829,-0.517,-0.753,1.796,0.244,0.308,-0.639,1.446,0.678,0.165,-0.379,-1.09,-1.632,-0.022,0.133,0.322,-1.322,-1.51,-0.739,0.582,-0.457,1.214,1.131,0.733,-0.115,-0.327,-0.093,-0.126,1.007,-0.718,2.538
0.181,0.085,1.293,-0.991,1.46,-0.551,0.961,2.024,0.054,0.949,-0.232,-1.615,0.56,-0.492,-0.187,-0.318,0.031,-1.625,0.124,0.632,-1.295,0.31,2.574,0.649,0.195,1.489,-0.086,0.015,0.324,-1.162,1.438,0.49,-0.122,-0.1,-0.528,-1.175,0.51,0.992,-1.201,0.21,-0.456,-0.393,0.531,-0.169,1.766,1.68,0.273,-1.537,0.217,-1.007,0.442
0.464,0.477,0.529,-0.845,0.585,1.371,-0.694,-0.097,1.596,-0.344,-0.227,-0.141,1.314,1.208,0.645,0.904,0.726,0.051,-0.151,-0.6,3.189,0.703,-0.477,0.508,-0.2,-0.625,-0.733,-0.982,0.889,0.165,0.201,1.028,-0.438,-0.581,-0.063,0.247,-0.62,0.912,-0.26,0.424,-0.435,-1.124,0.851,0.363,0.573,-0.04,-0.29,0.245,0.709,-0.066,0.368
1.002,0.948,1.297,0.832,-0.544,-0.525,-0.055,-0.489,-1.023,-0.095,0.294,-0.013,1.125,1.16,1.158,0.042,1.909,0.365,-0.005,-0.453,-1.836,-0.173,-0.267,-0.673,0.029,0.377,-0.267,-0.608,1.183,1.227,-0.677,0.698,-0.124,0.827,0.133,-0.245,1.23,0.001,0.099,0.521,1.242,-0.924,0.384,0.617,-0.722,-0.809,-1.293,-0.349,1.949,-0.605,1.529
0.697,0.347,0.82,1.294,2.289,-1.272,0.385,0.18,-1.766,-0.643,-0.168,-0.027,0.823,1.002,0.828,0.042,0.373,0.033,-0.168,-0.322,0.365,0.726,-0.288,-0.501,-0.321,-0.596,-2.397,-0.797,0.694,0.165,-0.574,-0.111,0.586,-0.462,-0.388,0.333,0.551,0.204,1.874,0.441,2.149,-0.175,-0.526,0.711,-0.132,-1.301,0.216,-0.289,0.222,-0.776,0.317
-0.116,0.084,-0.015,0.587,-0.157,1.854,-1.085,-0.994,-0.914,0.352,0.195,-0.491,0.073,-0.142,0.205,0.042,0.549,0.004,0.328,-1.533,2.012,2.116,0.773,0.465,0.272,-0.575,-0.867,-1.139,0.098,-0.853,-3.556,-1.641,-0.208,1.151,0.133,-0.656,0.796,0.062,0.803,0.112,0.365,-1.068,-0.27,0.312,-0.491,1.193,0.676,-0.943,-0.045,0.973,-0.14
1.098,0.852,2.131,0.021,1.475,0.026,0.308,-0.443,1.075,-1.63,0.7,-1.816,1.075,0.693,1.156,0.042,0.133,-2.052,1.21,0.148,-0.58,1.721,0.681,-1.031,-1.938,0.586,-0.053,0.818,1.158,-0.366,0.071,-0.19,-0.122,0.26,-0.259,0.356,-1.314,-0.108,0.102,0.511,-0.458,0.786,-0.048,1.013,-0.811,-0.04,0.273,0.364,0.433,-1.756,1.337
0.539,0.213,1.148,0.58,0.892,0.365,1.226,0.542,1.132,-0.866,-0.273,-0.746,1.031,0.897,0.612,0.042,0.959,-1.192,-0.395,0.449,-0.627,-2.307,-1.583,-0.199,-0.851,-0.03,-0.897,-0.697,0.787,0.43,0.432,0.799,-0.216,-1.4,0.133,-0.199,1.037,0.584,0.763,0.33,1.26,-0.732,-0.046,0.291,-0.181,0.419,0.498,-0.349,1.162,-1.417,0.295
0.99,0.996,1.015,0.831,0.674,-1.432,1.328,-1.838,-0.589,0.559,1.131,-0.569,-0.791,-0.206,0.984,-1.252,0.002,0.07,1.059,-0.638,-1.095,1.634,0.905,1.384,-0.386,1.337,1.348,1.689,0.277,-0.366,-1.527,-1.152,0.221,0.802,0.872,1.329,-1.317,-0.453,-0.484,0.586,0.785,1.688,-0.052,0.957,-0.226,0.199,-1.696,1.671,-0.161,-0.544,1.064
-0.644,-0.162,-0.33,-0.188,1.827,0.681,0.073,1.197,-1.961,-0.405,-1.444,0.393,1.023,1.184,0.102,0.042,-0.49,0.939,-1.073,1.031,-0.725,-0.978,-0.466,0.14,-0.15,-0.47,1.504,-1.03,-0.021,0.43,0.07,1.134,-0.299,-1.084,0.872,0.61,1.688,-0.708,-0.617,0.223,-0.456,-1.099,0.374,-0.168,0.356,-0.04,0.048,0.72,-0.493,-1.557,-0.69
0.391,0.414,0.453,-0.242,0.512,0.192,0.263,-1.065,2.031,-0.269,0.512,-1.917,-0.016,-0.223,0.128,0.042,-0.237,-2.595,0.744,1.071,0.902,-1.305,-0.505,0.247,-1.635,0.584,0.311,0.616,0.026,-0.764,-2.382,0.355,-0.567,-0.228,0.133,0.328,-1.318,-0.046,-0.516,0.423,-0.452,0.591,-0.229,0.524,-0.505,-0.804,-0.946,-0.834,0.254,-0.199,0.163
-2.749,-2.877,0.79,-1.17,1.32,0.033,-0.255,-0.965,0.182,0.483,-3.153,0.076,0.796,0.402,-0.457,-0.39,1.048,0.51,-3.27,-0.728,2.582,1.036,-1.022,-1.692,-0.203,-2.977,-0.7,-1.247,0.643,0.364,-0.104,1.762,-0.368,0.603,0.872,0.345,1.545,1.839,-0.735,0.119,0.322,-1.804,0.135,-0.729,0.145,-1.359,-1.302,0.364,1.216,1.47,-2.214
1.625,1.458,1.222,-0.043,1.858,0.155,0.06,2.884,-0.374,-0.213,1.253,-0.278,0.609,0.638,2.14,-0.39,0.09,0.076,1.105,0.823,0.042,0.942,1.739,-0.993,-0.173,0.603,1.257,0.75,1.254,-0.366,0.99,-0.864,-0.783,-1.339,1.068,1.31,-1.315,-0.355,0.176,0.925,0.585,1.67,-0.157,1.746,0.747,1.107,0.273,1.671,-0.025,-0.801,1.405
0.233,0.079,-0.174,-2.006,0.664,-0.243,-0.028,1.275,1.462,0.709,0.085,-0.649,-0.145,0.57,-0.018,0.473,-1.885,-0.706,0.256,0.054,1.018,-0.585,-0.47,0.506,-0.763,0.553,0.418,0.681,-1.084,-0.366,-3.375,0.883,-0.457,0.086,1.445,0.688,0.254,-0.165,0.711,0.255,-0.441,1.057,-0.363,-0.579,-0.598,-1.875,-0.384,0.839,-2.074,-0.637,-0.544
0.598,0.648,0.335,-0.086,-0.378,-1.065,1.535,0.165,-0.476,2.472,0.516,-0.556,1.163,1.2,0.637,1.335,0.616,-0.565,0.662,1.713,-0.094,-1.084,-2.027,0.635,0.205,0.228,2.229,0.649,0.765,0.43,0.249,0.232,0.199,0.623,1.626,0.246,-1.191,-0.872,0.933,0.306,-0.45,0.598,0.126,0.805,0.236,0.19,0.16,0.245,0.74,0.258,0.818
-0.124,-0.103,0.959,0.467,-1.751,-0.748,0.916,1.386,0.874,-0.717,-1.144,-0.167,0.828,0.827,0.797,-0.39,-0.301,0.318,-1.162,0.941,-1.098,0.307,1.837,0.541,-0.737,0.441,1.414,-1.051,0.962,-0.366,-0.786,-0.196,0.099,-1.164,1.068,0.335,0.234,0.574,0.474,0.515,-2.297,-1.171,0.03,0.305,-0.114,-0.781,-2.352,1.616,-0.364,-1.041,0.244
0.678,0.506,1.041,0.782,-2.02,-2.251,-1.103,1.473,-0.906,1.728,0.243,-0.728,0.872,0.98,0.535,0.042,1.002,-1.496,0.133,-0.278,-0.455,-1.896,-0.625,-0.277,-1.397,1.407,-2.157,-0.243,0.634,0.43,-0.564,-0.159,1.455,-0.602,-0.259,0.338,-0.306,0.053,1.336,0.314,0.982,0.026,-0.159,0.706,0.111,-0.843,0.048,0.364,1.356,-1.674,0.796
0.426,0.232,-0.933,1.327,1.237,-0.377,1.098,-1.456,0.747,-0.163,0.369,-0.051,-1.093,-1.808,0.034,0.042,1.802,-0.068,0.302,-0.241,-0.448,-1.788,-1.545,-0.232,0.145,0.166,-0.603,-0.265,-0.966,0.298,0.429,2.389,-0.474,0.929,0.239,0.344,0.826,-1.371,1.725,0.085,2.152,0.291,-0.368,-0.338,-0.49,0.419,0.16,0.364,1.143,0.458,0.852
-0.585,-0.952,-0.609,-0.384,-1.855,-0.074,-0.132,0.022,1.493,0.264,0.242,-0.482,-0.357,0.113,-0.767,0.473,-1.966,0.551,0.169,-0.312,-0.35,-0.78,0.758,-0.571,-0.004,-1.418,-0.993,0.836,-0.383,-0.366,0.622,-1.406,-1.098,0.182,0.51,0.881,-1.317,-0.542,0.408,-0.076,-0.457,0.674,0.563,-0.677,0.412,0.648,0.91,1.077,-1.337,1.292,-0.636
0.095,0.084,1.045,0.238,-0.998,-0.404,0.352,0.375,0.815,0.201,-0.887,-0.536,1.092,0.909,0.465,0.904,1.098,-0.844,-0.836,-0.059,0.278,0.513,1.796,0.193,0.795,0.036,-0.893,-0.834,1.101,-0.897,0.067,0.56,0.381,-1.308,-0.621,-0.206,0.811,0.859,0.824,0.341,-2.397,-1.223,-0.371,0.26,-0.718,-0.04,-0.29,-0.349,1.129,-1.354,0.343
1.587,1.533,0.669,1.423,0.543,0.366,0.225,2.264,0.085,-0.831,1.631,-0.583,0.813,0.678,1.551,0.473,0.51,-0.056,1.348,-1.034,-1.78,-1.298,-1.961,-0.832,0.131,-0.89,-0.579,0.63,0.738,0.165,0.44,-0.36,1.016,0.858,-0.063,0.525,-1.322,-0.348,-1.496,0.792,-0.46,0.516,0.566,1.409,0.673,0.362,-0.102,0.602,0.364,0.168,1.509
0.216,-0.101,0.154,-0.176,0.144,-1.611,-0.427,-0.385,-0.03,0.432,0.115,-0.756,-0.448,-1.192,-0.117,-2.114,0.23,-0.584,-0.032,0.911,-0.908,1.232,0.268,-0.316,0.558,-0.658,-0.069,0.599,-0.158,-0.897,-0.138,-1.344,-0.65,-0.285,-1.013,0.357,-1.321,-0.305,-1.658,0.172,-2.435,-0.269,-0.233,-0.107,1.14,0.878,1.768,0.364,0.314,0.278,-0.432
1.756,1.676,0.929,1.264,0.484,1.214,-0.951,-0.221,-2.255,0.823,1.786,-0.411,0.296,0.463,1.959,-1.252,0.69,-0.195,1.191,0.633,-2.24,-0.027,0.64,-0.639,-0.286,-0.063,0.213,1.936,1.392,0.43,0.992,-0.668,0.316,0.237,1.068,0.329,-1.317,-0.423,-0.226,0.794,0.997,2.33,0.145,1.88,-0.584,0.629,0.038,0.364,0.807,0.023,1.573
0.628,0.621,0.935,1.399,-0.158,1.814,-0.435,-0.081,-0.973,0.304,0.129,-1.707,0.752,-0.013,0.467,0.042,0.562,-1.97,0.575,1.312,-1.134,0.962,-0.504,-1.39,0.606,-2.848,-0.009,-0.017,0.744,-0.366,-0.03,0.671,0.488,-0.479,0.133,0.72,-0.185,0.411,-0.242,0.366,1.281,-0.115,0.049,0.656,0.655,-0.155,0.273,0.839,0.699,-0.409,0.964
0.68,0.382,0.987,0.882,-0.158,1.051,-0.053,1.443,-0.554,-0.927,-0.034,-0.264,1.157,0.886,0.675,0.042,0.875,-0.254,-0.199,-0.283,0.094,1.191,-0.22,-0.871,-0.717,0.236,-0.623,-0.626,0.986,-0.897,0.526,0.657,0.498,-0.063,-0.47,0.341,1.111,0.772,-0.054,0.441,-0.447,-0.669,0.254,0.466,0.436,0.534,0.61,0.364,0.788,-0.682,0.624
1.03,0.756,0.975,-0.28,0.444,0.623,-0.744,-0.937,-0.628,-0.307,0.248,-1.555,0.051,-0.518,0.884,0.042,-0.196,-1.827,0.13,1.423,-0.452,-0.544,-0.316,-0.319,-0.575,0.98,0.338,-0.209,-0.102,-0.897,0.532,-0.23,0.723,-0.639,-0.063,0.351,0.8,0.421,0.43,0.507,0.426,-0.267,-0.147,0.616,-0.014,0.534,0.835,0.364,-0.655,-1.022,1.115
1.089,1.173,0.876,-0.029,-0.277,-1.284,0.102,-0.923,0.279,-0.178,0.867,0.427,0.088,0.318,1.196,-0.39,0.213,1.194,1.284,1.219,-0.148,-0.414,-1.506,-1.914,-2.002,0.131,1.309,1.427,0.296,-0.366,0.081,-0.829,0.652,-1.35,1.068,1.321,-1.314,-0.798,-0.019,0.555,-0.456,1.326,-0.307,1.009,-0.403,-0.04,0.16,1.671,-0.468,-0.635,1.434
0.463,0.453,-0.156,-1.229,-0.928,-0.407,-0.014,-1.704,0.565,-0.478,0.483,-0.178,-0.296,-0.179,0.223,0.042,0.131,0.067,0.451,-0.608,0.413,1.361,1.076,0.58,-0.304,-1.933,0.945,-0.224,-0.826,0.165,0.446,0.019,0.316,0.056,0.429,0.336,0.967,0.171,0.894,0.288,-0.461,0.343,-0.221,-0.024,-0.106,-0.212,0.16,0.364,-0.274,-0.186,1.07
-1.619,-1.299,0.052,-1.235,1.895,0.688,0.293,-1.995,0.488,-2.254,-0.853,0.016,1.151,1.142,-1.393,0.904,-1.225,0.25,-1.754,-0.257,0.465,0.067,0.044,0.248,1.186,2.101,-0.569,-1.496,0.617,0.43,0.251,0.729,-1.081,-0.826,-0.621,-0.095,0.119,2.799,0.298,0.134,-0.451,-1.402,-0.066,-0.438,0.415,0.075,0.048,-0.646,-0.634,-0.01,-1.532
0.628,0.677,-0.207,-0.281,-0.113,0.224,0.433,-0.483,-1.75,0.362,0.755,-0.013,-0.471,0.001,0.282,0.042,-2.072,-0.102,0.71,1.137,-1.398,-0.15,2.055,-1.503,-0.982,0.621,0.606,1.448,-1.246,0.43,-0.569,-0.312,0.5,0.172,1.445,0.348,0.255,-0.888,1.829,0.328,-0.445,1.443,-0.061,-0.439,0.474,-0.843,0.16,0.364,-2.41,-1.265,-0.323
0.832,1.162,0.994,1.152,-0.041,-0.125,0.199,0.327,-2.306,0.189,0.968,-1.127,0.531,0.627,1.073,-0.39,0.225,-1.058,1.266,0.472,0.073,-0.596,-2.003,-0.727,0.269,1.049,-0.584,1.663,0.874,0.386,0.156,-1.922,1.036,-0.016,0.133,0.696,-1.322,-0.091,0.297,0.527,-0.463,1.504,0.254,1.329,0.177,0.075,0.048,0.839,0.23,-0.156,1.151
0.446,0.095,-0.033,-0.287,-0.642,0.59,-1.538,-0.465,0.092,-2.745,0.516,-0.566,0.967,1.057,0.122,0.904,0.978,-0.578,0.342,-1.298,-0.173,-0.325,-0.725,-1.879,-0.723,0.206,-0.558,0.322,0.49,0.43,0.42,2.125,0.096,-0.192,-0.063,0.257,-1.19,0.289,-0.967,0.309,-0.452,0.135,0.113,0.373,1.21,0.304,0.048,0.245,1.34,0.308,0.46
0.302,0.034,-0.149,-0.817,0.233,-1.373,0.388,0.905,1.068,-0.672,0.669,-0.67,0.861,0.8,-0.136,0.904,0.583,-0.73,0.628,0.867,-1.808,-1.302,0.225,1.195,-1.234,-1.487,1.604,0.442,0.421,-0.366,0.536,1.8,0.404,0.176,1.068,0.7,-0.618,-0.062,-0.518,0.168,-0.46,0.18,-0.364,0.412,-0.515,0.476,0.198,0.839,0.935,0.254,-0.138
0.904,1.27,0.803,1.526,-0.498,2.331,-0.05,0.912,0.617,-1.203,1.129,-0.567,1.117,1.023,1.276,0.473,1.791,-0.12,0.788,-0.548,-0.225,0.801,0.763,0.25,0.173,-0.67,-0.534,0.279,1.032,0.652,0.081,-1.342,-0.112,0.659,-0.063,-0.645,-1.32,-0.505,0.205,0.572,2.136,0.61,-0.197,1.419,-0.583,-0.04,0.207,-0.289,1.847,0.409,0.979
0.26,0.415,0.439,-0.272,-1.301,-0.467,0.395,-0.044,-0.341,-0.936,-0.345,-0.081,1.246,1.088,0.589,0.904,0.943,0.271,-0.248,-0.149,-0.165,-0.285,-0.24,-0.744,1.775,0.38,1.24,-0.593,0.65,-0.366,0.254,0.61,-0.292,0.808,0.133,0.616,-0.483,0.024,0.686,0.347,-0.455,-0.591,0.793,0.466,0.391,0.247,0.048,0.72,0.732,0.044,0.251
-0.276,-0.075,1.302,-0.424,-0.445,0.877,-1.121,-0.175,1.225,-0.278,-1.287,-0.694,1.187,0.989,0.34,0.904,0.854,-0.736,-0.988,-0.451,-0.32,0.36,2.072,0.108,-0.565,0.694,-0.393,-0.847,0.9,0.165,0.424,1.126,0.1,-0.653,-0.259,0.248,1.144,1.029,0.621,0.281,-0.442,-1.258,1.677,0.326,1.332,0.419,0.16,0.245,0.666,-1.794,0.251
-0.198,0.171,-1.184,-1.623,0.661,-0.524,2.996,-1.635,-1.501,-0.574,-0.736,-0.555,-0.843,-1.314,-0.139,0.042,-0.533,-0.634,-0.677,0.745,0.873,-1.15,1.808,1.225,-0.37,1.058,1.071,-1.378,-0.833,0.165,-0.383,0.566,-0.855,-1.251,1.068,-0.202,1.402,0.023,-0.514,0.06,0.853,-1.046,1.796,-0.034,0.918,-0.613,-0.29,-0.349,-0.405,0.031,-0.36
0.323,0.417,0.094,-0.512,-0.127,-1.285,0.652,-0.021,-0.304,-2.462,0.194,-0.507,0.991,1.099,0.315,1.335,0.109,-0.734,-0.067,1.856,2.682,0.889,0.879,-1.811,-0.305,0.625,2.256,-1.014,0.064,-0.366,0.159,1.376,0.224,0.595,1.068,0.248,1.401,-0.673,-0.398,0.289,-0.455,-0.725,0.089,0.303,0.278,0.075,-0.065,0.245,-0.017,0.045,0.607
1.172,1.305,1.311,1.927,0.284,-3.037,-1.273,-1.312,0.716,0.308,1.258,-0.631,0.998,0.75,1.543,-0.39,0.706,-0.116,0.966,0.321,0.946,1.403,1.115,-1.034,-1.253,-0.984,-0.641,0.944,1.51,0.165,0.989,-1.767,0.541,1.2,0.133,0.341,-1.316,-0.087,0.707,0.647,0.737,1.039,-0.035,1.507,0.93,0.548,0.273,-0.923,0.472,-0.045,1.342
-0.018,-0.127,-0.157,0.196,1.332,-0.003,-0.079,0.27,2.231,-1.544,0.182,-0.205,0.643,0.31,-0.268,0.042,0.481,-0.187,0.161,-0.733,0.736,-0.901,1.075,1.964,0.54,0.01,-1.265,-0.155,0.314,-0.897,0.434,0.939,3.525,-0.106,-0.621,0.344,-0.483,0.673,-0.095,0.104,-0.447,-0.144,0.135,0.354,-0.164,0.362,0.273,0.364,0.785,0.592,0.05
-0.433,0.039,1.032,-0.72,-0.027,-1.044,1.327,-0.126,0.126,0.408,-1.423,-0.295,0.88,0.903,0.316,-0.39,-0.581,0.123,-1.526,0.226,0.605,0.141,-0.044,-0.95,1.442,-0.41,1.112,-1.208,1.136,-0.941,-0.39,-1.242,-0.136,-0.51,1.445,0.068,0.652,0.546,0.27,0.552,1.124,-1.42,2.157,-0.019,0.844,-0.231,-0.065,0.661,-0.133,-0.599,-0.065
-0.606,-0.587,1.543,-0.796,0.465,-1.26,0.304,-0.303,-0.301,0.885,-1.599,-0.053,1.163,0.909,0.086,0.042,0.709,0.282,-1.18,-0.548,0.564,0.837,-0.246,0.1,0.12,-0.398,-1.058,-1.082,0.808,0.165,-0.573,0.999,-0.553,-0.581,0.019,-0.99,1.688,1.056,0.241,0.206,0.711,-1.271,0.018,-0.373,-0.017,0.209,0.427,-0.497,0.899,-1.366,-0.244
0.563,0.08,0.439,-0.935,0.054,1.026,-0.331,0.326,-0.229,-1.058,-0.065,-0.6,0.275,0.345,0.138,0.904,-0.145,-0.635,0.279,0.327,-1.192,0.955,1.709,1.503,-0.565,-1.387,-0.027,0.401,-0.447,0.43,-0.38,1.77,-0.034,-0.177,0.51,0.331,-0.437,-0.076,0.054,0.206,0.4,0.086,-0.337,-0.06,0.578,-0.785,0.104,0.364,-0.477,-1.557,0.065
-0.231,-0.539,-1.138,-0.805,-0.529,-0.733,-0.751,-0.44,0.449,-0.5,0.12,-0.23,-2.821,-2.946,-0.567,-3.838,-2.046,0.589,-0.052,-0.636,-0.556,-1.307,-0.739,1.908,-0.035,0.771,-0.269,1.419,-2.499,0.43,-3.57,-0.887,0.808,-0.863,1.822,-5.529,0.255,-1.045,-1.636,-0.243,-0.457,1.003,-4.44,-1.726,-4.044,-2.735,0.16,0.364,-2.549,0.899,-1.352
0.65,0.633,0.282,-0.808,0.432,-0.355,1.262,0.307,-0.576,1.001,0.618,-1.088,0.176,0.257,0.767,0.042,-1.573,-1.015,0.884,0.369,-0.39,-1.049,-0.998,-0.226,0.152,2.249,1.695,1.195,0.069,0.187,-0.575,-0.32,0.095,-0.866,1.068,0.335,-1.191,-0.149,-0.777,0.47,-0.452,1.416,0.106,-0.019,1.392,-0.317,0.16,0.364,-1.973,-0.688,0.498
0.72,0.709,0.618,-0.43,-1.028,-1.217,-2.979,0.82,-1.987,0.11,0.305,-1.576,0.512,-0.086,0.538,0.042,-0.06,-1.602,0.624,1.063,-0.779,-0.446,-0.973,0.813,0.159,0.244,-0.293,0.363,0.392,-1.162,0.429,0.046,1.255,-0.331,-0.063,-0.648,-1.32,0.825,0.057,0.326,0.433,0.124,-0.547,0.62,-0.495,0.419,-0.29,-0.943,-0.118,-0.074,0.829
-0.532,0.03,-0.062,1.327,0.368,0.172,1.709,-1.366,1.066,-0.704,-0.581,0.235,0.942,1.127,0.133,0.042,0.504,0.526,-0.175,-1.348,-0.71,0.142,-1.217,1.321,0.933,0.543,-2.276,-1.572,1.059,0.165,-1.307,-0.369,0.139,0.328,-0.259,-0.645,1.111,0.878,1.573,0.206,-0.452,-1.322,1.678,0.796,-0.16,-1.645,-1.302,-0.943,0.607,0.917,-0.494
0.197,0.365,0.39,0.836,0.361,-1.835,-0.198,-0.14,-0.617,0.854,1.018,-0.44,0.475,0.852,0.925,-0.39,-0.137,0.264,0.872,-1.062,1.647,0.524,-1.075,1.289,-0.163,1.038,-0.929,1.949,0.194,0.696,0.077,-1.455,-1.025,1.685,0.133,-0.731,-1.314,-1.148,-1.169,0.182,-0.459,1.836,-0.059,0.638,-0.434,-0.04,-0.29,-0.943,-0.586,1.065,0.555
-1.242,-1.87,-1.747,-0.343,0.246,-0.721,-0.334,1.3,-1.268,0.311,-0.456,-0.552,-0.454,-0.074,-1.931,0.042,-0.317,-1.324,-0.403,0.95,-0.614,-0.448,0.218,-0.487,0.932,0.384,0.756,1.422,-0.912,0.696,0.074,1.432,-1.321,-1.663,0.872,0.338,0.396,-1.045,-1.477,-0.264,-0.457,1.162,-0.513,-1.474,-0.428,-0.04,0.273,0.364,0.85,1.693,-1.4
0.507,0.813,0.253,0.332,-0.021,-0.699,0.082,0.85,-1.242,-0.097,1.273,-0.396,-0.305,-0.344,0.315,0.042,-0.294,0.691,1.449,-0.291,-0.188,1.855,-0.733,0.884,0.766,-1.109,-0.963,-0.578,0.258,0.43,4.438,-1.46,0.581,0.604,0.133,-0.2,-0.183,-0.153,-0.124,0.469,0.738,-0.512,-0.54,0.526,-0.599,4.834,4.491,-0.349,0.227,0.065,0.398
0.293,-0.051,2.55,-0.222,-0.562,-0.153,-0.757,-0.163,-1.424,0.033,-0.884,0.114,1.08,0.949,0.617,0.042,-0.195,0.611,-1.047,0.686,0.675,0.349,-0.669,1.938,-0.648,0.881,-0.423,-1.321,1.291,0.696,-0.88,0.384,-0.002,0.08,0.133,-0.259,1.226,0.992,0.235,0.292,2.097,-1.116,-0.187,0.03,-0.77,-0.441,-0.402,-0.349,-0.19,-2.437,0.275
0.21,0.136,0.645,1.011,2.016,0.786,1.476,0.725,0.441,-0.632,-0.057,-1.554,0.113,-0.383,-0.009,0.042,-0.275,-1.7,0.12,1.811,2.03,0.567,-1.131,-1.457,-1.029,-0.896,0.089,-0.198,-0.171,-0.897,0.074,-0.068,-0.425,-1.019,-0.063,0.699,-0.045,-0.055,0.657,0.278,1.756,0.222,-0.101,0.035,0.463,-1.378,-1.626,0.839,-0.169,-0.855,0.312
0.449,0.53,0.258,-0.702,0.314,-0.407,-0.684,0.815,-0.587,1.945,0.712,-0.47,0.698,1.178,0.131,1.335,-0.291,-0.695,0.796,1.649,0.873,-0.057,-0.543,-0.194,1.648,-2.471,1.363,0.412,0.114,0.961,0.347,0.265,-0.868,0.371,1.822,0.295,-0.027,-0.983,1.049,0.314,-0.452,0.217,-0.815,0.473,-0.905,0.476,0.666,0.602,-0.033,-0.26,0.714
0.494,0.273,-0.06,-1.076,0.265,-0.01,0.206,-1.3,-0.29,0.038,0.185,-1.23,0.86,0.778,0.178,0.904,1.224,-2.261,0.326,1.093,1.965,-0.018,1.133,-0.307,1.485,-1.963,2.099,-0.008,0.427,-0.543,0.177,1.604,-0.184,-0.07,1.068,0.696,0.761,-0.128,-0.893,0.268,-0.457,-0.24,-0.262,0.551,0.136,0.075,-0.065,0.839,0.86,-0.237,0.261
-0.109,0.049,0.168,-1.958,-0.528,0.086,-0.738,0.263,-0.9,-0.69,-0.115,-0.553,0.321,0.395,0.16,0.473,-0.24,-0.17,-0.17,0.153,-0.546,-0.951,1.36,1.569,1.237,0.45,-0.84,-0.878,-0.157,-0.366,0.248,-1.246,-2.03,-0.042,0.133,0.699,0.843,-0.303,0.625,0.324,2.145,-0.848,0.878,0.192,0.59,0.19,-0.065,0.839,-0.019,-0.039,0.26
0.388,0.52,0.243,-0.141,0.146,-0.191,-1.751,0.011,0.513,0.208,0.365,-0.328,1.028,1.075,0.512,1.335,0.211,-0.308,0.363,1.33,-0.308,-0.619,-0.611,0.563,-0.353,0.069,2.245,-0.297,0.223,0.165,0.248,0.656,0.265,0.892,1.445,0.709,-0.354,-0.701,-0.01,0.26,-0.451,-0.081,0.181,0.254,-0.02,0.19,0.385,0.76,-0.12,0.027,0.85
0.654,0.225,0.706,0.489,-1.359,-0.908,-0.291,0.015,0.882,-0.705,-0.274,-1.409,0.145,-0.366,0.51,0.042,-0.278,-1.39,0.466,1.036,-0.305,-2.041,-0.232,0.155,1.287,-2.684,0.341,0.274,-0.025,-0.897,-0.018,0.413,-0.681,-0.107,-0.259,0.721,-0.614,-0.206,-0.255,0.508,-0.452,-0.122,-0.107,0.331,0.253,-0.155,0.273,0.839,-0.044,-0.724,0.797
0.027,0.068,-0.12,-0.696,-0.876,1.192,-0.403,-0.525,-1.357,1.889,0.78,-0.165,-0.065,0.377,-0.203,-0.39,0.28,0.077,0.699,0.341,1.452,1.148,-0.729,-0.201,-0.083,-0.647,1.427,1.559,-0.261,-0.366,0.07,-1.075,-0.218,-0.7,1.445,1.318,-1.313,-0.881,-0.412,0.266,-0.453,1.439,-0.082,0.07,1.007,-0.04,0.16,1.671,0.426,0.74,-0.102
1.087,0.822,1.695,1.425,1.307,0.086,-1.734,-0.183,0.523,-2.675,0.516,-1.262,1.096,1.097,1.122,0.473,-0.203,-1.215,0.552,-0.927,-1.751,-0.74,0.482,-0.311,-0.379,1.0,-0.823,0.432,1.049,-0.366,-0.542,-0.813,0.692,0.785,0.133,-0.309,-1.316,0.068,-0.771,0.573,1.117,0.641,1.128,0.706,0.565,2.469,1.608,-0.349,-0.544,-1.101,1.552
0.592,0.525,0.191,0.8,1.676,-0.077,-0.905,2.655,-0.261,1.383,0.26,-0.937,0.521,0.366,0.38,0.042,1.011,-1.961,0.647,-0.376,1.692,0.2,1.016,-1.316,1.271,-1.399,-1.329,0.175,-0.084,-0.808,0.346,0.75,3.196,-0.504,-0.817,0.333,-0.483,0.164,-0.22,0.295,-0.447,0.387,0.89,0.063,0.582,0.247,0.216,0.364,1.421,-0.645,1.006
0.199,0.094,0.406,-0.381,1.198,-1.767,0.714,1.595,0.688,0.242,-0.169,-0.217,0.517,0.682,0.252,0.042,-0.463,-0.164,0.277,-0.356,-0.977,-0.262,-0.93,1.545,-0.282,1.249,-1.661,-0.254,0.173,-0.366,-0.114,-0.579,-0.911,-0.25,-0.063,0.337,0.683,-0.197,1.319,0.297,-0.446,-0.153,0.717,0.193,0.062,-0.269,-0.29,0.364,-0.66,-0.826,0.171
0.078,-0.009,-1.169,-0.482,1.152,-0.794,-0.331,-1.994,2.687,-0.345,0.099,-0.121,0.98,1.318,-0.157,0.042,0.087,0.207,0.569,-0.65,0.311,-0.877,-0.231,0.003,-0.246,1.046,1.865,0.734,-0.134,0.165,0.435,1.755,-1.52,0.251,0.51,0.34,-1.191,-2.002,-1.763,0.119,-0.457,0.611,0.164,-0.231,0.485,0.419,0.16,0.364,0.058,0.341,-0.117
-1.721,-2.438,-0.695,-0.432,-1.089,-0.867,0.253,-0.294,-0.468,1.173,-0.575,0.049,0.308,0.527,-2.557,0.042,-1.052,0.294,-1.273,-0.461,-1.14,0.578,-2.537,-0.445,-0.382,-0.617,-2.026,-0.124,-0.956,-0.897,0.261,0.952,1.376,-0.325,-0.621,0.335,-1.191,-0.355,-0.101,-0.303,-0.449,-0.034,-0.337,-1.926,0.119,0.19,0.273,0.364,-0.671,0.988,-1.549
1.732,1.368,0.008,0.397,-0.066,1.224,-1.755,-1.573,2.278,0.718,1.582,-0.789,-1.572,-1.716,1.472,-1.252,-0.95,0.143,0.963,0.822,0.845,-1.48,-0.353,0.778,-0.654,0.404,0.959,1.373,-0.533,-0.897,1.439,-1.017,0.326,-0.241,0.51,1.329,-0.174,-0.849,-0.682,0.691,1.13,1.895,0.044,-0.07,0.902,1.68,0.835,1.671,-0.938,-0.552,1.012
-2.958,-0.673,2.278,-0.534,-0.417,-0.605,-0.939,-0.178,-0.221,0.502,-3.228,-0.053,1.895,1.397,1.193,0.473,-0.472,0.387,-3.229,0.52,-0.84,0.974,0.698,-0.614,-0.666,0.553,1.15,-2.435,2.861,-0.897,0.066,0.517,-0.51,0.413,1.445,0.691,1.688,6.999,1.354,0.713,-0.447,-2.148,1.273,1.133,0.761,-0.002,-0.252,0.839,-1.027,-0.285,-1.408
0.409,0.465,0.946,-1.007,0.587,0.835,0.799,0.937,-1.356,-1.273,-0.045,-1.479,0.492,-0.494,0.265,0.042,-0.086,-1.562,0.189,2.096,-1.677,1.167,0.887,1.368,-0.42,-1.256,-0.158,-0.373,0.324,-1.162,1.383,-0.209,-0.087,-1.834,-0.621,0.227,0.51,0.98,-0.766,0.182,-0.457,-0.465,-0.49,0.173,0.244,1.68,2.635,-1.062,-0.17,-1.097,0.385
0.479,0.384,1.026,-0.547,-0.637,2.052,-0.225,0.21,-1.109,-1.363,-0.592,-0.267,0.993,0.873,0.759,0.042,0.299,-0.413,-0.849,-0.378,0.496,0.196,-1.326,-0.197,-0.771,-2.503,-2.296,-1.379,1.048,0.165,-0.558,0.12,0.73,-0.44,-0.259,0.341,0.969,1.848,1.059,0.376,-0.459,-1.265,-0.287,0.47,-0.231,-0.843,-0.206,0.364,0.238,-1.258,-0.027
-1.184,-1.49,-1.848,-2.538,1.115,-1.066,0.298,2.891,-0.817,0.737,0.231,0.248,-1.747,-1.887,-2.093,-0.39,-1.139,0.678,0.709,-2.478,0.549,1.501,-0.38,-1.129,2.064,1.019,-0.568,0.505,-2.145,-1.693,1.444,0.623,-2.162,1.544,0.133,-4.065,1.659,-1.343,0.485,-0.361,-0.446,0.692,0.484,-1.434,-0.099,-0.04,-0.29,-4.685,-0.811,1.963,-2.073
-0.631,-1.143,-0.353,-1.026,-1.577,0.293,0.46,1.19,0.568,0.756,-0.291,-0.511,0.779,0.936,-1.123,0.904,-0.934,-0.716,-0.143,0.585,0.001,0.616,0.755,-1.209,0.158,-1.582,1.289,-0.847,-0.297,-0.897,0.078,1.037,-0.738,0.123,0.51,0.593,-0.483,0.177,-0.25,0.103,0.38,-0.303,0.788,-0.484,1.142,-0.04,-0.065,0.72,-0.774,0.071,-0.713
1.678,1.411,-0.022,-0.136,0.784,0.196,0.811,0.248,0.86,1.982,1.345,-0.209,-1.424,-1.138,1.246,0.042,1.252,0.367,0.485,-0.885,0.146,-1.837,0.261,-2.784,-1.422,2.246,-0.324,3.251,-1.047,0.696,0.623,0.542,1.571,0.628,0.51,0.342,0.233,-0.966,0.413,0.489,-0.455,1.831,0.761,0.494,-0.198,0.596,0.334,0.364,1.245,-0.515,1.609
1.55,1.293,1.821,1.455,-0.888,-1.55,-0.704,-0.685,0.429,-0.466,1.17,-1.612,0.866,0.627,1.615,0.473,0.814,-2.183,1.884,0.314,-1.335,1.115,1.723,-1.234,-1.157,-0.217,-0.665,1.69,1.11,0.165,0.434,-1.187,1.125,-0.185,0.133,0.513,-1.322,-0.48,-1.025,0.692,-0.46,1.578,-0.103,1.547,0.211,0.419,0.048,0.602,0.747,-1.693,1.893
0.342,0.513,0.078,-0.498,-0.552,0.707,1.712,-1.135,1.511,-0.351,0.796,0.031,0.463,0.61,0.1,0.042,-0.225,0.084,0.571,-0.761,-0.373,-1.311,0.339,-1.238,0.551,2.47,-2.23,0.829,-0.515,-1.162,0.258,0.301,1.312,-0.342,-0.621,0.338,-1.191,-0.328,0.982,0.263,-0.449,0.739,-0.16,-0.425,0.1,0.132,0.273,0.364,-0.193,-0.015,-0.3
0.622,0.206,0.889,-0.211,0.939,-3.492,-1.389,-0.282,0.881,0.431,-0.181,-0.748,1.047,0.917,0.74,0.042,0.901,0.282,0.059,-0.398,0.887,-0.043,1.058,-0.398,0.605,0.124,-1.133,-0.408,0.942,0.43,0.177,1.559,-0.184,-0.674,0.314,0.031,1.401,0.636,-0.674,0.403,0.404,-0.533,0.997,0.265,0.347,0.271,0.116,-0.2,0.88,-0.668,0.397
-0.589,-0.983,-1.299,-1.925,-0.656,-0.083,-0.299,-1.478,-0.817,-1.202,0.009,-0.111,-2.362,-1.602,-0.912,0.042,-2.505,-0.115,-0.168,-0.888,0.485,-0.145,-1.185,-0.065,1.116,0.107,-0.641,2.236,-3.424,0.961,1.247,0.771,0.364,0.318,0.133,-0.282,-1.313,-1.397,-0.29,-0.111,-0.457,2.662,-0.061,-3.603,0.641,-0.843,-2.722,-2.65,-2.595,0.575,-0.689
0.786,0.569,0.317,-0.942,-0.158,-0.909,0.041,1.134,0.047,2.373,0.347,-0.497,0.359,0.13,0.857,0.473,0.464,-0.649,-0.794,1.428,-1.004,-1.547,0.422,1.795,-0.758,0.926,1.242,-1.706,0.731,0.165,0.434,-0.737,0.095,-1.798,1.068,0.292,0.997,1.168,0.099,0.45,-0.453,-1.7,-0.009,0.419,-0.714,0.104,-1.387,0.364,0.602,-0.004,0.379
1.175,1.282,1.472,0.68,1.078,-0.347,-1.009,-1.275,-0.652,-2.314,1.033,-0.577,0.285,0.432,1.384,-0.821,0.496,-0.048,1.149,0.69,-1.002,0.064,0.32,0.21,-0.351,0.395,-0.312,1.405,1.111,-0.366,0.522,-1.554,0.333,-0.0,-0.063,0.297,-1.317,-0.019,0.958,0.616,0.141,1.421,1.426,1.393,-0.507,-0.059,-1.434,0.364,0.367,-0.165,1.619
-0.685,0.079,-0.009,0.685,0.693,0.896,0.372,-0.682,-0.662,-1.043,-0.693,-0.907,0.055,-0.182,0.029,0.042,-1.329,-0.684,-0.686,-0.116,0.831,0.309,-1.281,0.025,-0.658,-0.348,-1.048,-0.553,-0.143,-0.897,-0.385,-2.076,-0.574,0.222,0.133,-0.645,0.796,-0.01,0.919,0.288,-0.451,-0.957,1.366,-0.424,1.207,3.018,2.775,-0.943,-1.3,-0.184,-0.351
0.346,0.08,2.1,1.868,0.09,0.064,0.623,-1.1,-0.51,-0.63,-0.411,-1.841,1.214,0.294,0.276,0.042,0.224,-2.072,0.143,1.229,0.36,1.015,0.494,-1.713,0.258,-0.221,0.119,0.369,1.13,-0.366,0.537,-0.706,0.308,-0.245,-0.226,0.71,-0.122,0.499,0.772,0.238,-0.455,-0.356,-0.086,0.043,-0.025,0.534,0.835,0.839,0.043,-2.821,1.163
0.77,0.631,0.493,1.299,-0.392,0.03,-0.183,0.201,1.8,-0.376,0.497,-0.459,0.655,0.831,0.476,0.904,1.308,-0.884,1.031,0.029,-1.866,1.185,-1.22,-0.217,-0.706,0.615,-0.859,0.744,0.347,0.43,0.349,1.011,0.297,-1.256,-0.817,0.073,-0.178,-0.203,-0.371,0.363,-0.439,0.602,-0.135,0.517,-0.247,0.247,0.16,-0.171,1.285,-0.685,1.162
1.333,0.973,1.706,0.017,-0.015,0.277,-0.423,-1.53,-0.529,-0.47,0.733,-1.486,1.001,0.676,1.31,0.042,0.852,-1.447,0.472,0.324,-0.393,-0.35,2.683,-1.235,-1.016,1.073,-0.08,0.042,1.012,-0.366,0.077,0.019,-0.097,0.138,-0.259,0.352,-0.741,-0.184,0.317,0.668,1.131,-0.208,-0.444,1.108,-0.716,-0.04,0.273,0.364,0.918,-1.357,1.382
0.944,0.902,0.802,1.046,-0.159,-2.574,-0.939,-1.112,-0.737,0.85,1.021,-1.087,0.205,0.31,0.987,0.042,1.459,-1.049,1.114,0.315,0.834,-1.624,-0.165,-0.398,-0.301,1.254,-0.263,1.683,1.067,0.43,0.15,-1.593,1.225,0.033,0.133,0.71,-1.323,0.052,0.596,0.508,-0.459,1.69,0.043,1.549,0.086,0.075,0.048,0.839,1.663,0.412,1.239
-0.222,0.15,0.732,1.038,-0.8,-0.203,0.955,1.159,-0.695,-0.1,-0.958,0.006,0.938,0.75,0.449,0.904,0.502,0.269,-1.129,-1.537,-1.11,-2.282,1.338,0.309,1.871,-3.412,-0.448,-1.18,0.71,0.43,0.076,1.096,-0.82,-0.017,-0.817,-0.203,0.826,1.01,-0.242,0.373,-0.443,-1.466,1.042,0.199,-0.263,-0.04,-2.54,-0.349,0.424,-0.156,0.056
0.426,0.304,-1.13,-1.379,-0.195,-0.397,-0.296,1.28,-0.218,-0.241,1.287,-0.563,-1.715,-1.701,-0.301,0.042,-0.555,0.24,0.896,0.914,0.4,1.477,0.01,1.932,-1.664,-1.84,0.984,1.091,-1.717,-0.897,0.426,-1.123,1.405,-0.544,0.51,1.318,-0.469,-1.015,0.415,0.172,-0.459,1.209,-0.538,-0.17,0.364,0.419,1.397,1.671,-0.553,0.875,-0.658
0.056,0.576,0.634,-0.595,1.108,-0.333,-1.824,0.744,-1.291,-0.821,-0.11,-0.054,0.205,0.248,0.244,-0.39,-0.14,0.345,0.054,1.379,0.532,0.412,0.247,-0.84,-3.553,-0.985,1.814,-0.743,0.267,0.165,0.073,-0.925,-0.528,-1.402,1.445,1.337,0.372,-0.25,0.266,0.422,0.499,-0.562,-0.147,0.597,0.777,-0.04,0.16,1.671,0.098,-0.688,0.387
-0.839,-1.156,-1.516,0.283,1.282,-0.627,-2.043,0.285,-0.042,-0.458,-0.356,-0.401,-2.445,-3.057,-1.78,-1.252,0.14,0.144,-0.108,0.473,1.215,1.1,-0.126,0.196,-1.145,0.604,1.166,0.338,-2.182,0.43,-0.58,0.393,-0.446,-1.245,1.445,0.35,0.254,-1.434,-0.599,-0.454,-0.454,0.356,-0.739,-1.49,-1.015,-0.843,0.16,0.364,-0.153,1.428,-1.069
0.564,0.929,-0.024,1.264,0.544,0.157,0.681,-0.033,-0.484,0.29,1.382,-0.58,-0.438,0.13,0.886,-1.252,0.461,0.001,1.65,-0.665,1.25,0.351,1.004,0.138,-1.051,0.265,0.82,1.521,0.551,-0.366,-3.573,-1.261,-0.253,0.808,0.51,-0.699,0.091,-0.621,-0.202,0.428,0.898,2.035,-2.977,1.173,-2.744,-4.627,-2.54,1.671,0.527,0.877,0.542
1.116,0.622,1.639,1.846,0.121,1.472,1.305,1.05,-0.657,1.351,0.357,-0.676,1.463,1.099,1.175,0.473,0.492,-0.285,-0.129,-0.067,-1.347,0.287,0.348,0.319,-1.298,0.298,-0.604,-0.397,1.513,0.165,0.527,-0.762,0.467,0.392,0.133,-0.656,-1.314,0.187,-0.646,0.61,1.518,-0.182,0.678,0.536,-0.002,0.534,-0.29,-0.943,0.37,-1.121,1.58
-1.224,-1.498,-1.207,-1.512,0.718,0.278,-0.573,0.449,-0.733,-1.005,-0.619,-0.24,-0.985,-0.435,-1.504,0.042,-2.581,-0.139,-0.484,0.886,-1.172,-0.264,0.164,-0.18,-0.92,0.174,0.984,1.28,-3.169,0.696,0.062,-0.053,-0.455,0.596,1.445,0.344,0.255,-0.715,1.56,-0.162,-0.441,1.631,-0.576,-3.994,-0.253,1.451,1.116,0.364,-2.591,-0.085,-2.199
-0.045,0.206,0.342,1.288,0.654,1.969,-0.318,0.101,-1.412,-1.622,0.193,-0.68,0.259,0.404,0.008,0.042,0.538,-0.328,0.58,0.287,-0.891,0.226,-0.951,-2.001,-1.099,-1.108,-0.357,0.528,0.621,0.165,0.151,-1.921,-0.055,0.068,0.133,0.7,-0.411,-0.15,0.585,0.282,-0.459,0.222,-0.018,0.583,0.71,0.075,0.048,0.839,0.827,0.557,0.695
-0.069,-0.324,0.137,-0.801,0.144,0.203,0.434,0.916,-0.904,-0.746,-0.144,-0.238,-0.059,0.169,-0.335,-1.252,0.057,-0.003,0.289,0.69,-1.447,1.747,0.341,-0.17,-0.46,-0.543,-0.09,1.017,0.763,-0.764,0.978,-0.34,-0.828,-0.915,0.51,0.319,-1.314,-0.266,-1.099,0.062,-0.46,0.745,0.591,0.479,0.153,1.107,0.273,0.364,0.198,0.814,-0.257
1.215,1.403,0.943,0.01,0.383,0.032,-0.608,0.652,-0.521,0.383,1.179,-0.318,0.595,0.625,1.922,-0.39,0.264,-0.022,0.89,0.505,-0.631,1.68,0.034,-0.203,1.43,-0.178,1.203,0.75,1.138,-0.366,0.978,-0.825,-0.791,-1.009,1.068,1.306,-1.313,-0.474,0.279,0.738,0.58,1.383,-0.037,1.724,-0.236,1.107,0.273,1.671,0.088,-0.035,1.422
0.745,0.939,0.79,1.031,-0.302,1.052,-0.409,1.675,-0.53,0.658,0.413,-0.322,0.192,-0.407,0.794,-0.821,0.071,0.3,0.55,0.628,-0.491,0.814,-1.467,0.162,0.959,-0.132,-0.532,-0.365,0.026,-1.428,-0.381,-0.73,0.031,-0.04,-0.817,-1.005,0.093,0.068,-0.087,0.441,0.504,-0.214,-0.384,0.839,0.046,-0.327,-0.29,-1.814,-0.037,-0.508,0.911
-0.103,0.017,-0.673,-0.121,-0.687,-1.292,-2.915,-2.204,-0.079,1.243,-0.553,-0.319,1.237,1.221,0.075,0.042,0.916,-0.22,-0.602,1.499,0.854,0.303,-1.359,0.512,-0.53,1.188,1.854,-0.821,0.458,0.165,0.252,1.129,-0.412,-1.154,0.51,0.344,0.821,-1.193,-0.082,0.182,1.526,-0.924,-0.788,0.051,-0.71,0.19,0.16,0.364,0.782,0.114,0.089
0.839,0.906,0.439,-0.529,0.787,-0.945,-0.932,0.677,0.247,-0.436,1.073,-0.412,-0.093,0.318,0.672,-0.39,-0.166,-0.338,1.055,1.197,-0.2,-1.046,2.141,2.051,-1.184,-1.119,1.259,1.42,-0.252,-0.366,0.068,-0.666,-0.101,-1.457,1.288,1.322,-1.313,-0.935,-0.27,0.573,-0.458,1.529,0.186,0.441,-0.436,-0.04,0.16,1.671,-0.044,-0.357,0.443
0.248,-0.014,0.548,1.4,1.811,-0.342,1.239,-0.64,0.077,-0.345,0.302,-0.668,1.495,1.291,0.455,0.473,1.145,-0.288,0.209,-0.689,0.563,0.453,-1.741,-1.233,0.358,-1.223,-0.456,0.296,1.668,0.165,0.848,-0.742,-1.15,0.816,0.314,0.352,-1.316,-0.148,-0.953,0.234,0.733,0.028,-0.703,0.416,-0.257,0.949,0.933,-0.289,0.687,0.949,0.528
-0.225,0.022,0.287,0.588,-1.47,0.257,-0.675,-0.092,-0.229,0.576,-0.15,-0.613,0.409,-0.105,-0.008,0.042,0.223,0.136,0.132,0.861,1.2,-0.803,0.462,-0.133,1.314,-1.722,0.235,0.136,0.167,-0.366,-0.02,0.63,-0.471,0.041,0.133,0.713,-0.186,0.252,0.037,0.097,-2.434,-0.003,0.205,0.238,0.673,-0.155,0.273,0.839,0.063,0.701,0.035
0.644,0.411,1.704,-0.109,-0.475,-1.099,-0.119,-0.317,-0.391,0.746,0.091,-1.456,0.585,0.494,0.404,-0.821,0.23,-1.771,0.724,1.332,0.706,-0.144,-1.247,-1.604,-1.774,-0.911,0.021,0.608,0.372,0.165,0.345,-1.193,-1.308,-0.521,0.133,0.7,-1.318,-0.626,-1.246,0.303,-0.458,0.344,0.482,0.458,-0.172,0.218,0.273,0.468,-0.043,-2.209,1.446
-2.78,-1.412,0.461,-0.766,-0.748,-1.966,0.524,-2.262,-0.361,1.336,-3.202,-0.371,0.188,0.106,0.604,-2.976,0.643,1.115,-2.828,-0.513,-0.88,-0.013,-0.234,0.49,0.395,1.709,-0.674,-2.191,1.282,0.43,-3.573,-2.52,-0.547,0.501,0.314,-5.534,1.516,1.606,1.993,0.449,-0.46,-2.546,-4.496,0.357,-4.049,0.419,0.835,1.433,0.031,1.447,-1.785
0.838,1.329,1.247,1.562,-1.187,0.19,-1.344,1.473,0.121,0.249,0.64,-0.529,1.104,1.017,1.185,0.473,0.382,-0.042,0.795,0.009,-0.105,-0.793,2.019,-0.124,-1.734,0.27,-0.493,-0.237,1.062,0.165,0.071,-1.774,0.092,0.369,-0.063,-0.623,-1.315,-0.206,0.731,0.709,2.136,0.013,-0.465,1.209,-0.847,-0.04,-0.29,-0.289,-0.083,-0.388,2.143
0.835,0.715,-0.004,-0.416,1.183,0.016,0.759,-0.824,-0.498,0.127,0.727,-0.503,-1.006,-1.028,0.498,0.042,1.698,-0.61,0.312,0.18,0.823,1.763,-1.518,-0.435,0.66,-0.813,-0.791,0.457,-0.418,1.47,0.072,0.362,0.382,-0.034,-0.063,-0.234,0.942,-1.076,0.551,0.295,2.105,0.26,-0.467,0.297,-0.875,-0.04,-0.29,-0.349,1.821,-0.256,0.761
1.04,0.821,0.241,1.211,0.307,-0.002,-0.761,1.005,0.397,0.257,2.689,-0.038,0.111,-0.0,1.474,0.042,2.462,-0.054,1.871,0.138,-0.552,-0.982,2.01,0.311,0.499,-0.294,-0.301,1.351,0.853,0.961,-1.755,0.32,-0.349,0.929,0.872,-0.424,-1.191,-0.872,1.669,0.512,2.146,1.895,-2.052,1.654,-0.933,-0.499,0.385,0.364,2.313,0.487,0.608
0.521,0.636,1.182,0.187,0.342,-1.045,-0.693,0.811,-0.468,-2.002,0.256,-0.764,0.609,0.603,0.595,-0.821,0.089,-0.352,0.367,0.73,0.549,0.15,1.183,-0.526,-0.348,-0.112,-0.027,-0.043,0.7,-0.366,-0.387,-1.274,0.236,0.083,0.133,-0.649,0.045,0.087,-0.739,0.495,0.414,-0.185,0.297,0.431,-0.171,-0.04,0.273,-0.289,-0.214,-0.584,0.757
-2.488,-2.519,-0.356,-2.341,1.08,0.039,0.34,-0.971,-0.054,-1.47,-1.73,0.266,0.217,1.055,-1.088,-6.425,-1.587,0.856,-1.926,-0.763,2.417,0.249,0.271,1.131,0.525,0.608,-1.402,-2.213,0.46,-1.428,-3.573,-0.562,-1.301,-0.666,-0.621,-5.534,0.844,3.601,1.897,-0.108,-0.454,-0.227,-4.468,-0.434,-3.674,0.419,0.16,0.364,-1.575,2.182,-2.494
0.735,0.93,-0.637,-0.847,0.654,0.727,0.164,2.682,0.037,0.745,0.726,0.036,-0.548,-0.372,0.536,0.042,-1.131,0.307,1.174,-1.116,0.706,-1.265,0.01,-0.081,-0.547,0.333,-0.233,1.48,-0.464,0.961,0.529,1.785,0.113,0.883,0.314,0.165,-0.608,-0.813,-1.793,0.238,-0.461,1.517,-0.128,0.46,-0.673,-2.076,-2.287,0.364,-1.621,1.143,0.709
0.71,0.313,0.388,0.277,0.765,0.319,-1.254,-0.979,-1.133,0.335,0.592,-1.136,1.257,1.327,0.689,0.904,-0.241,-2.334,0.782,0.956,0.365,-1.49,0.425,-0.244,-0.158,0.108,0.923,0.856,0.118,-0.366,0.617,1.036,-0.153,-0.29,0.133,0.249,-1.19,-0.729,-0.499,0.312,-0.45,0.361,0.622,-0.135,0.637,0.954,1.06,0.245,0.029,-1.314,0.654
-2.003,-2.534,-1.751,-2.001,1.403,0.445,0.099,0.911,-2.191,1.305,-0.94,0.088,-0.452,-0.201,-2.457,0.904,1.589,0.434,-1.152,-0.474,0.565,0.021,-1.652,-1.029,-0.982,-1.498,0.523,-0.16,-1.601,-0.1,-0.21,0.614,-1.443,0.063,0.51,0.329,-0.606,-0.109,0.412,-0.445,-0.448,0.078,-0.345,-1.402,0.93,-2.295,-2.146,0.364,1.642,2.313,-1.645
0.603,-0.156,0.145,0.168,1.537,-1.376,-0.616,1.134,0.018,-0.615,-0.049,-0.968,1.027,1.061,0.043,0.042,0.822,-1.647,0.289,1.476,-1.038,0.254,0.171,-0.837,-1.506,-1.16,1.068,0.8,0.255,0.43,-1.682,0.748,-0.247,-1.772,0.872,0.334,-1.188,-1.211,-0.365,0.095,-0.462,0.195,-1.192,-0.123,-2.155,0.534,0.835,0.364,0.934,-2.143,0.386
0.351,0.283,0.152,-0.284,0.114,0.615,-1.041,1.125,0.046,0.058,0.326,-0.222,1.12,1.033,0.319,0.904,1.227,-0.04,0.467,-1.368,-1.364,0.403,-1.635,0.268,-0.09,-0.229,-0.68,0.077,0.786,0.43,0.345,1.659,0.409,-0.081,-0.063,0.262,-1.189,0.62,-0.91,0.291,-0.436,0.059,0.613,0.711,0.175,0.304,0.048,0.245,1.057,0.534,0.496
1.75,1.743,1.03,0.606,1.097,0.678,0.067,0.402,0.851,-0.625,1.766,-1.169,0.419,0.537,2.054,0.042,1.457,-1.275,1.884,0.141,-0.162,0.727,-1.059,-1.472,0.578,0.753,-0.179,2.288,0.971,0.165,-0.558,-0.67,1.118,0.045,0.133,0.703,-1.32,-0.29,-1.685,0.71,-0.458,2.228,-0.092,1.921,0.661,-0.145,0.16,0.839,1.187,-0.369,1.907
0.902,1.085,0.263,0.775,-1.371,0.596,0.014,1.189,0.263,-1.233,0.934,-0.358,-0.442,-0.056,0.667,-1.252,0.238,-0.312,1.435,1.111,-2.082,-0.014,-1.393,0.803,-0.404,0.283,1.094,1.948,0.687,0.165,0.532,-0.336,-0.048,-0.24,0.51,0.132,-1.319,-0.714,-0.717,0.393,-0.459,2.024,-0.126,1.291,-0.905,-0.04,-0.29,-0.349,0.287,0.521,0.593
-0.126,0.14,1.322,-0.693,-0.937,0.364,-1.949,0.864,-1.249,2.066,-1.03,-0.377,0.856,0.892,0.652,-0.39,-0.051,-0.128,-1.029,0.318,0.669,0.96,-0.159,0.173,-0.841,1.012,1.733,-0.762,1.042,-0.366,0.07,-0.949,-0.363,-0.524,1.626,1.321,0.653,0.184,0.277,0.435,1.129,-0.972,0.203,0.335,0.703,-0.04,0.16,1.671,-0.222,-1.11,0.122
0.03,0.225,-0.232,-0.126,-0.006,-1.947,0.271,-0.611,1.555,-1.634,-0.305,-0.107,-0.329,-0.419,-0.143,0.042,0.223,-0.168,-0.331,1.012,-0.66,-0.221,-0.351,0.023,0.542,0.552,0.878,-0.307,-0.853,0.961,-0.57,-0.285,0.855,0.553,1.445,0.335,0.961,-0.759,1.306,0.198,-0.462,-0.728,0.152,-0.0,0.797,-0.843,0.16,0.364,0.56,-0.11,0.068
0.709,0.723,0.899,0.304,-0.611,0.334,-0.193,1.729,-0.023,1.079,0.237,-0.12,0.578,0.562,1.018,-0.39,0.026,0.341,0.114,-0.223,0.901,1.43,0.534,1.727,-1.146,-0.906,1.061,-0.233,1.027,0.165,0.529,-0.444,0.279,-0.685,0.872,1.331,0.512,0.107,-0.223,0.561,-0.452,-0.176,1.34,0.877,1.208,0.534,-0.29,1.671,-0.263,-0.552,1.152
0.891,0.839,-0.771,-0.522,0.859,0.533,0.272,-2.215,0.227,0.391,0.853,-0.293,1.605,1.825,0.654,1.335,0.292,-0.182,0.821,1.123,0.338,-0.082,-1.105,-0.86,-0.276,-1.136,1.983,0.664,0.225,0.165,0.07,0.921,-0.017,1.136,0.872,0.164,-1.191,-1.778,-0.248,0.355,-0.455,0.63,0.624,0.296,0.265,-0.04,-0.065,0.126,-0.483,0.095,0.6
1.378,0.98,2.828,1.307,0.531,0.03,-0.878,0.223,1.555,-0.159,0.755,-1.009,0.635,0.036,1.29,-0.821,0.221,-0.847,0.853,-0.029,0.268,-1.218,-0.623,0.635,1.202,1.124,-1.105,1.072,1.669,-0.366,0.984,-0.523,0.425,0.15,-0.801,-0.187,-0.615,0.489,-0.298,0.661,0.729,0.877,-0.135,0.929,0.203,1.107,0.273,-0.349,0.3,-1.789,1.406
0.186,0.373,-0.158,-0.4,0.901,-0.181,2.294,0.368,0.537,-0.735,0.397,-0.129,-0.419,-0.16,-0.158,0.042,-2.161,0.193,0.017,0.107,1.229,0.851,1.1,0.767,-1.993,0.4,-0.19,-0.52,-1.081,0.43,-0.296,-0.072,-1.804,0.783,0.872,0.32,0.969,-0.709,1.484,0.258,-0.453,-0.097,0.251,-1.281,0.593,0.591,0.16,0.364,-2.344,-0.517,0.292
-1.577,-2.404,-1.086,0.459,-0.468,-1.95,0.346,-0.836,0.259,-0.219,-0.58,-0.479,-1.405,-1.117,-2.06,0.042,-0.876,0.444,-0.738,-1.622,-0.072,-0.239,-0.272,-1.294,0.977,0.38,-1.104,0.796,-0.937,-0.366,-0.576,-0.661,0.42,0.429,0.314,0.353,-1.316,0.357,-0.597,-0.417,-0.461,0.831,0.774,-1.445,-0.269,-0.843,-0.716,0.364,-0.294,1.772,-1.241
0.555,0.449,0.579,-0.074,0.955,-1.101,1.302,-0.25,-0.334,-0.69,0.019,-0.204,0.967,0.812,0.684,0.904,0.861,-0.049,-0.3,-1.309,0.635,0.978,0.356,1.514,0.065,-0.437,-0.489,-0.997,0.65,0.43,0.074,1.313,-0.432,-0.101,-0.817,-0.196,0.969,0.831,-0.536,0.413,-0.44,-1.032,1.825,0.667,0.208,-0.04,-0.29,-0.349,0.841,-0.586,0.556
-1.848,0.181,0.854,-0.622,0.583,0.78,1.621,0.829,-0.057,0.897,-2.37,-0.013,1.285,1.029,0.817,0.904,0.162,0.167,-2.24,0.311,-0.697,-0.708,-0.939,-1.326,-1.32,-1.215,-0.425,-1.745,1.2,0.43,-0.521,0.485,-0.867,-1.139,-0.621,-0.344,1.545,1.697,1.036,0.556,-0.452,-1.794,-0.32,0.417,-0.455,-0.441,-0.515,-0.289,0.099,-0.636,-0.448
0.334,0.684,0.179,0.562,-0.458,-0.588,-1.484,-0.768,-0.199,-1.619,0.778,-0.313,-0.249,-0.278,0.41,0.042,0.423,0.858,1.198,-1.158,0.814,1.645,0.437,0.962,0.653,1.483,-1.26,-0.429,0.394,0.43,-0.569,-0.258,0.48,1.038,0.314,-1.544,0.798,-0.187,-1.661,0.405,-0.463,-0.075,0.213,0.798,-0.442,-0.843,-0.402,-2.131,0.514,0.382,0.646
0.565,0.562,-0.826,-0.939,-0.394,-0.124,-0.396,-1.436,2.582,0.136,0.618,-0.665,-1.78,-2.082,0.102,0.042,-1.386,-1.447,0.345,0.247,-1.282,1.538,0.099,1.168,-0.606,1.396,-0.646,0.664,-1.789,0.696,0.429,2.787,0.496,0.246,0.314,0.346,-0.483,-1.415,0.731,0.142,-0.448,1.077,0.725,-0.814,0.803,0.419,0.16,0.364,-2.158,0.023,0.614
0.384,0.185,0.249,0.968,-0.32,-1.187,0.966,1.364,-1.063,0.214,0.057,-0.324,0.139,-0.419,0.018,-0.821,0.098,0.102,0.113,0.417,-0.303,0.746,2.294,-0.062,-1.09,-0.058,-0.524,-0.384,0.142,-1.428,-0.381,-0.903,-0.227,0.008,-0.817,-0.64,0.798,0.153,-0.355,0.287,0.508,-0.43,-0.304,0.096,0.621,-0.04,-0.29,-0.943,0.371,0.31,0.162
-0.765,-0.023,0.434,-0.045,0.868,-0.793,0.609,0.897,0.702,-0.396,-1.408,0.372,0.524,0.171,0.348,0.904,0.57,0.877,-1.369,-1.29,-1.075,-1.389,-1.036,0.6,0.203,0.776,-0.123,-1.424,0.607,0.961,0.26,1.049,0.42,1.292,-0.063,-0.129,0.658,0.556,-0.908,0.337,-0.45,-1.453,1.036,0.381,1.993,0.304,-0.065,-0.156,0.372,0.257,0.081
1.008,0.531,1.749,0.716,-0.815,-0.075,0.523,0.253,0.969,-0.062,0.583,-1.773,0.556,0.54,0.726,0.042,0.239,-2.115,1.234,0.321,3.042,-0.055,-0.417,0.577,-1.601,-0.564,-0.273,2.421,0.751,0.652,-0.02,-1.046,0.758,0.037,0.133,0.711,-1.322,-0.063,-1.109,0.446,-0.449,2.145,0.315,0.677,0.698,-0.097,-0.29,0.839,0.188,-1.937,1.216
-0.394,-0.827,0.052,1.377,1.476,-2.234,-0.838,2.106,0.639,1.084,0.521,-0.915,0.564,0.869,-0.664,-0.39,-0.445,-0.641,0.237,-0.303,-1.293,-0.398,0.118,0.665,-0.549,-1.148,-1.083,1.949,0.263,0.696,0.08,-1.583,-0.875,1.236,0.314,-0.716,-1.316,-0.966,-0.85,0.315,-0.462,1.836,-0.96,-0.381,-1.045,-0.04,-0.29,-0.943,0.782,0.776,-0.241
-0.79,-0.121,-0.511,-1.874,-0.203,-0.012,-0.181,0.156,-1.028,-0.907,-0.978,-0.526,-0.112,-0.245,-0.571,0.904,0.308,-0.74,-0.681,0.856,2.391,-0.868,0.951,-1.511,1.496,-0.62,0.66,-0.332,-1.255,-0.366,0.435,0.868,-0.593,-0.911,0.51,0.324,0.714,-0.141,0.189,0.085,-0.463,-0.667,0.163,-1.205,1.168,0.419,0.366,0.364,0.187,-0.135,-0.449
-0.666,-1.261,-1.32,0.429,-0.744,-0.559,-0.016,-0.185,0.706,-0.932,-0.164,-0.51,-2.216,-1.855,-0.884,0.042,-1.34,0.782,-0.034,1.015,0.166,0.817,0.452,1.699,0.806,1.107,0.608,0.552,-2.144,-0.366,0.453,-1.317,0.182,-0.419,0.314,1.338,0.091,-0.986,0.616,-0.43,-0.458,0.591,-0.939,-1.057,-1.121,0.419,1.397,1.671,-2.094,1.442,-0.629
0.394,0.26,-0.883,2.381,1.1,0.096,-1.08,1.157,1.109,1.373,0.301,0.113,-1.5,-2.162,-0.199,0.042,-1.673,0.277,-0.084,0.004,-0.284,-0.614,-0.101,-0.486,-0.248,-1.392,-0.334,-1.164,-1.279,0.165,0.429,2.191,1.292,0.745,0.314,0.355,0.558,-0.466,1.79,0.192,-0.45,-0.595,0.016,-0.502,-0.535,0.419,0.16,0.364,-1.608,-0.039,0.773
0.656,0.141,-0.441,-0.567,0.916,-0.705,0.262,0.007,-0.579,-0.916,-0.22,-0.246,0.868,1.145,0.438,0.042,-0.174,-0.343,0.146,1.602,-0.911,-0.323,0.567,-2.317,0.147,0.68,1.258,0.253,0.118,-0.897,0.171,0.376,-0.637,-1.567,0.51,0.344,-1.19,-1.089,0.444,0.325,-0.453,0.285,-0.283,0.134,-0.454,0.075,0.16,0.364,-0.197,-0.828,-0.056
1.091,0.712,1.341,0.405,0.624,-0.971,2.787,0.757,0.722,-1.478,0.76,-0.247,0.775,0.724,1.35,0.042,-0.075,0.154,-0.376,-0.015,0.708,-1.228,0.306,-1.371,-0.816,-1.389,0.102,-0.261,1.115,0.696,-1.173,0.476,2.104,0.453,0.314,0.027,1.507,0.991,0.139,0.526,-0.462,-0.544,-0.284,0.536,-0.289,1.776,1.154,-0.349,-0.631,-1.571,1.417
0.637,0.707,-1.232,-0.271,1.176,1.139,1.575,-0.183,-1.264,0.466,0.708,-0.125,-3.508,-3.386,0.153,-0.605,-2.582,0.738,0.621,-0.884,-1.522,-0.417,-0.004,-0.157,-0.038,-0.729,-0.517,2.648,-3.222,0.165,-0.583,-0.851,0.58,0.028,1.822,0.35,-1.188,-1.365,0.56,0.192,1.288,2.03,-0.652,-1.125,-0.971,-0.843,-2.315,0.364,-2.576,0.335,0.331
-1.661,-2.239,0.899,-0.845,-1.003,0.612,-1.215,0.148,-0.778,0.03,-2.037,-0.072,0.017,0.127,-0.801,-2.976,-2.414,0.354,-1.999,0.905,-0.355,-0.887,-0.198,-1.203,0.462,-1.003,1.348,-2.373,0.537,0.165,-0.283,-0.777,-1.191,-1.327,0.872,0.345,1.688,2.681,-0.189,-0.009,-0.449,-1.66,-0.292,-0.979,-0.066,-0.499,0.385,0.364,-2.564,-2.129,-0.939
0.715,0.58,0.389,0.177,-0.595,0.59,0.724,-0.915,1.047,-1.02,0.546,-0.938,0.679,0.608,0.788,-0.39,1.074,-1.595,0.498,0.763,-0.302,-1.009,0.021,1.249,-0.131,-0.042,0.128,0.222,0.563,0.829,-0.384,1.549,1.144,-0.441,0.51,0.295,-0.48,0.36,-0.163,0.402,0.707,0.246,-0.106,0.563,0.409,-0.613,0.273,0.364,1.281,-0.248,0.593
0.708,0.556,0.084,-1.754,0.261,-1.396,0.514,0.853,0.253,-0.698,0.396,-0.212,0.122,0.161,0.646,0.042,-0.679,-0.026,0.382,-0.027,-0.648,2.024,0.166,-1.875,0.13,0.399,0.606,0.315,-0.223,0.165,0.806,0.768,0.167,0.034,0.314,0.33,0.945,0.273,0.368,0.337,-0.447,0.366,2.215,0.393,1.172,0.763,0.554,0.364,-0.508,-0.562,0.287
0.546,1.278,-0.212,-0.321,-0.3,0.723,1.168,-0.902,-1.021,1.503,0.793,0.077,0.209,0.244,0.639,0.042,0.775,0.697,0.955,-1.398,1.41,0.901,-0.662,-1.41,-0.435,-0.337,0.859,-0.521,0.422,0.696,-3.266,0.773,0.402,0.722,0.314,-1.018,0.938,0.36,0.542,0.451,1.489,-0.266,-2.801,0.837,-2.646,-1.321,-2.212,0.008,0.494,0.787,0.57
0.335,0.206,0.386,-1.189,0.336,-0.526,-0.836,0.445,-0.67,0.498,-0.509,-0.059,0.432,0.294,0.492,0.042,-0.608,0.071,-0.42,-0.064,1.483,-0.209,0.285,-0.004,0.702,0.068,0.4,-0.708,0.401,0.165,-0.112,0.064,0.01,0.041,0.133,0.347,0.255,0.315,0.941,0.317,-0.45,-0.297,0.923,0.427,0.916,-0.269,-0.29,0.364,-0.483,-0.583,-0.057
-1.048,-1.237,-0.994,-0.475,-0.588,-1.591,-0.065,-1.56,-0.399,0.161,-0.56,-0.016,-0.396,-0.12,-1.212,0.042,-2.55,0.442,-0.517,-0.865,0.763,0.168,1.29,-0.043,1.08,0.332,-0.162,-0.737,-1.188,1.227,-0.305,0.251,-2.025,1.279,0.987,0.337,0.969,-0.459,0.742,-0.155,-0.45,-0.202,0.049,-1.485,0.155,0.591,0.16,0.364,-2.549,0.966,-0.773
-0.695,-1.157,-0.603,-0.317,-0.252,0.258,0.11,0.703,-0.235,-0.583,-0.108,0.189,0.146,0.136,-0.913,0.042,0.276,0.537,-0.314,0.014,-0.176,-1.295,0.485,-1.209,0.514,-0.213,0.427,-0.157,0.075,0.696,0.441,1.004,-0.916,-0.135,0.133,-0.229,0.516,0.195,0.008,-0.029,-0.456,-0.086,-0.11,-0.076,0.252,2.574,2.19,-0.349,1.194,1.178,-0.583
-0.705,-1.469,-0.68,-1.72,0.692,2.412,0.643,-1.501,-0.188,-1.125,-0.656,-0.851,-3.113,-2.505,-0.57,-1.557,-2.583,-0.99,-0.749,-0.356,-0.953,-0.962,0.303,-3.112,0.518,1.842,-1.404,0.884,-3.626,-0.897,-0.564,-2.282,0.213,-0.518,-0.817,0.357,-0.614,-0.674,-1.088,0.089,-0.453,0.627,-0.354,-1.478,-0.284,-0.843,0.16,0.364,-2.567,-0.911,-1.757
-0.947,-1.222,-1.083,-0.036,-1.635,0.598,-2.262,-0.019,0.105,-0.1,0.246,-0.204,-0.539,0.062,-1.675,0.042,-1.004,-0.209,0.196,-0.485,-1.173,-0.557,-0.169,-0.662,-0.436,-2.606,0.229,1.792,-0.845,1.227,1.441,0.023,-1.064,1.128,0.872,0.342,-1.191,-1.5,0.75,-0.005,-0.456,1.971,0.57,-0.791,0.676,1.68,0.779,0.364,0.067,1.215,-1.712
0.959,0.601,-0.152,-2.318,-0.231,-0.406,1.355,1.018,-0.662,-0.099,1.149,-1.329,-1.467,-1.658,0.873,0.203,-1.172,-2.748,1.194,0.297,-0.55,0.831,1.098,-0.657,1.205,-0.724,-0.347,2.51,-1.158,-0.897,0.015,0.935,0.256,1.029,0.314,0.326,0.824,-0.889,-0.02,0.337,-0.455,2.939,0.243,-0.728,1.118,0.82,-0.121,-0.943,-1.471,-1.296,-1.428
1.039,1.111,0.069,1.966,0.156,-1.259,0.442,-0.427,1.943,0.677,1.812,0.104,-0.226,-0.037,1.102,0.042,1.798,0.547,1.488,-0.887,-0.3,0.072,-0.84,1.571,0.381,0.502,-0.08,2.506,-0.014,0.43,-0.568,0.366,0.816,1.344,0.872,0.351,-1.191,-0.876,0.464,0.377,-0.447,2.29,-0.45,1.019,-0.234,0.419,0.779,0.364,0.872,0.327,1.527
0.581,0.32,0.914,-0.648,-0.978,-1.736,0.7,2.032,-0.424,-1.225,0.052,-0.523,0.865,0.867,0.59,-0.39,0.18,-0.523,-0.173,1.804,0.531,1.263,-0.442,-0.247,-0.62,0.419,1.773,-0.51,1.155,0.165,0.068,-1.157,-0.632,-2.052,1.626,1.326,0.511,0.006,-0.098,0.441,-0.462,-0.717,0.114,0.433,0.464,-0.04,0.16,0.527,0.502,-0.599,0.424
0.305,0.175,-0.778,-0.148,0.21,-3.794,-0.078,0.225,0.854,-0.604,-0.36,-0.102,0.748,1.099,0.049,0.042,0.119,-0.089,-0.316,1.847,0.608,1.49,-0.184,0.358,1.117,-1.493,1.184,-0.091,-0.011,-0.366,0.166,0.184,-0.172,-2.026,0.872,0.333,0.967,-1.217,0.887,0.269,-0.455,-0.219,-0.136,-0.084,-0.218,0.075,0.104,0.364,0.237,-0.736,-0.173
0.467,0.423,-0.161,-0.351,-0.04,0.766,0.313,-0.366,1.917,0.757,0.079,0.085,0.109,-0.398,0.482,0.042,1.87,0.171,0.144,-0.002,0.885,0.287,1.194,0.268,0.747,-0.592,-0.868,-0.273,0.114,0.585,0.057,-0.137,-0.289,0.794,0.314,0.344,0.969,-0.263,1.675,0.233,0.192,-0.311,0.042,0.513,0.813,-0.04,0.273,0.364,1.69,0.233,0.163
0.538,0.319,1.569,0.366,-0.543,0.942,0.708,-2.471,-0.994,0.277,0.216,-1.298,0.674,0.572,0.599,-0.821,-0.187,-1.256,0.645,0.783,0.33,2.291,0.105,0.105,0.585,1.319,0.073,0.513,0.865,-0.366,0.523,-0.915,-0.102,0.01,0.133,0.35,-1.317,-0.097,-1.077,0.433,0.418,0.072,-0.13,0.515,0.213,0.534,0.273,0.364,-0.081,-1.474,0.558
0.747,0.496,0.815,0.276,0.793,-0.67,-0.561,0.784,0.132,-2.343,0.386,-1.014,-0.379,-0.32,0.43,-1.252,0.511,-1.355,0.451,1.296,-1.251,-0.915,-1.777,-0.384,-0.215,1.149,0.761,0.493,0.428,0.43,0.071,-0.701,0.415,-0.551,0.661,-0.306,0.354,-0.257,0.023,0.286,0.739,0.5,0.333,0.811,-0.581,-2.334,-2.399,-0.349,0.631,-0.935,0.326
1.629,1.52,2.104,0.695,1.474,0.154,-0.745,-0.954,-0.171,0.988,1.539,-1.481,0.429,0.617,1.67,-0.821,0.499,-2.166,1.084,0.714,0.088,0.024,1.618,0.303,0.761,-0.031,-0.21,1.302,1.118,-0.366,0.894,-0.868,-0.596,-0.134,-0.621,0.292,-1.32,-0.224,0.098,0.697,2.142,1.539,0.333,1.721,0.463,0.868,0.273,0.364,0.388,-1.493,1.591
-0.319,-0.43,-0.857,0.167,-1.685,1.165,-2.1,0.146,-0.953,-0.84,0.57,-0.701,-1.13,-0.186,-0.049,-1.252,-1.032,-0.493,0.452,0.375,0.488,0.474,1.613,0.192,1.644,-0.574,1.476,2.915,-0.438,-0.454,2.435,-1.829,-1.35,0.004,0.51,1.343,-1.322,-0.942,0.443,0.128,-0.453,3.074,1.497,0.095,-0.607,2.311,3.099,1.671,-0.902,1.768,-0.581
1.323,0.726,1.039,0.408,1.465,-0.113,0.53,-1.069,-0.494,-0.39,1.207,-1.865,-0.467,-0.024,1.128,-1.252,0.137,-2.818,1.834,1.586,-0.901,0.683,-0.62,0.509,-0.402,0.326,1.245,2.565,-0.515,-1.162,0.275,-1.26,0.166,-0.812,0.51,1.342,-0.613,-1.09,-0.592,0.386,-0.459,2.396,-0.279,0.4,-0.546,0.075,0.385,1.671,-0.495,-1.939,1.159
-1.734,-0.666,-1.709,-1.148,-0.129,0.648,-0.142,1.992,-0.657,-0.549,-1.948,-0.085,-1.208,-1.865,-1.025,0.042,0.544,0.365,-1.371,-0.658,-1.449,-0.288,0.438,-0.477,-1.171,0.393,1.191,-1.266,-1.289,0.43,-2.652,0.171,-0.48,-0.3,1.068,-0.187,1.401,-0.108,-0.025,-0.285,-0.457,-1.446,-2.276,-0.695,1.48,-2.62,-1.415,-0.349,0.711,1.734,-1.795
-0.566,-0.925,-1.423,0.016,0.41,-1.501,-0.538,0.606,-2.111,0.532,-0.41,-0.135,0.466,1.123,-0.731,0.042,0.806,-0.165,-0.435,0.511,-0.045,-0.39,0.482,-0.104,0.646,0.677,1.082,-0.049,-0.121,-0.366,0.068,1.566,-0.357,-0.732,1.068,0.357,-1.189,-1.42,-1.44,-0.089,0.06,-0.079,0.982,-0.265,0.174,-0.04,-0.19,0.364,1.28,1.096,-1.07
-0.486,-0.729,-0.141,-0.237,1.182,-0.54,0.295,-1.492,-1.209,-2.878,-0.56,0.052,0.275,0.689,0.103,-0.39,1.329,0.744,0.559,0.545,1.481,-0.226,0.351,-0.666,-1.284,-0.077,1.658,2.227,0.487,0.165,-3.428,-0.488,-1.795,-0.782,1.225,1.823,-1.315,-0.9,-0.462,-0.133,-0.464,1.934,-3.461,0.587,-3.221,-2.104,-2.315,1.681,0.567,1.92,-0.692
0.655,0.548,0.433,-0.811,-1.85,-0.382,1.469,-0.238,-0.541,-0.088,0.97,-0.585,0.473,0.424,0.86,0.473,0.043,-0.217,0.682,0.192,-0.169,-1.698,1.335,-0.526,-0.016,1.818,-0.767,-0.732,0.521,0.165,0.255,-1.567,-0.947,0.074,0.133,0.708,-1.029,-0.241,0.171,0.388,-0.454,-0.292,0.751,1.047,0.286,0.19,-0.065,0.839,0.376,0.363,0.085
-1.491,-2.124,-1.897,0.333,1.675,-0.9,1.596,-0.471,-1.092,-0.145,-0.888,-0.273,-2.243,-2.756,-2.498,-1.252,-0.997,0.212,-0.918,-0.246,-1.352,0.918,-0.188,1.243,1.919,0.464,1.371,0.132,-2.244,0.43,-0.583,0.976,-1.612,-0.77,1.822,0.362,0.256,-1.554,-1.117,-0.598,0.032,0.459,-0.654,-2.263,-0.819,-0.843,0.16,0.364,-1.121,2.022,-1.571
-2.181,-2.199,-1.428,0.304,0.027,0.031,1.272,2.815,0.635,-0.433,-1.488,-0.409,-0.981,-1.242,-1.455,-1.252,0.071,-0.005,-0.652,-0.235,-0.448,-0.206,-0.453,1.485,-0.564,1.161,-0.708,-0.306,-0.465,0.077,-3.407,-2.101,-0.893,0.224,0.314,-0.458,0.484,-0.459,0.959,-0.51,0.742,0.014,-4.108,-0.691,-3.478,-2.104,-2.483,0.72,1.087,2.339,-2.747
-0.309,0.089,0.574,0.558,1.036,-0.842,-0.302,1.746,-0.357,-0.245,0.033,-0.442,1.085,0.969,0.229,0.042,0.611,-0.36,-0.27,-0.235,-0.526,-2.071,-0.24,0.309,1.793,0.367,-0.894,-1.212,0.602,0.43,0.442,0.73,-0.286,-0.733,0.133,-0.195,1.26,0.996,0.432,0.388,0.401,-1.268,0.265,0.415,1.13,-0.212,0.132,-0.666,0.689,-0.434,0.226
0.666,0.801,0.459,-0.107,-0.316,-0.8,-1.859,0.503,0.686,1.379,0.125,-0.073,0.69,0.336,0.863,0.904,0.226,0.107,-0.173,-0.573,-1.935,0.978,-0.072,0.293,0.696,-0.811,-0.263,-1.391,0.767,0.961,0.08,1.097,0.205,0.916,0.133,-0.175,0.887,0.483,-0.784,0.441,-0.438,-1.109,0.607,0.697,1.128,-0.04,-0.29,-0.349,-0.087,0.049,0.917
0.149,0.353,0.814,-0.766,-0.825,-1.295,0.981,0.042,0.987,-1.163,-0.8,0.109,0.891,0.879,0.85,0.042,-0.501,0.369,-0.951,-1.1,0.704,-1.982,0.277,0.205,-0.567,0.767,-2.174,-1.795,0.836,0.165,-0.58,0.36,0.318,0.061,-0.259,0.349,0.969,2.232,0.826,0.429,0.818,-1.301,0.065,0.65,-0.03,-0.843,-0.965,0.364,-0.534,-1.028,-0.346
1.302,1.601,0.579,-0.127,-1.533,0.715,0.062,1.657,1.512,0.748,1.349,-0.283,-0.707,-0.321,0.952,-1.252,-0.423,0.116,1.277,0.923,-0.061,-1.627,0.984,0.418,0.615,1.256,1.073,1.562,0.198,-0.366,0.521,-0.477,-0.943,0.056,0.51,0.31,-1.318,-0.66,0.233,0.737,1.637,1.766,0.208,1.321,0.001,0.534,-0.515,0.364,-0.356,-0.221,0.986
-0.873,-0.423,-1.619,-1.322,1.173,-0.494,-0.518,0.198,-1.599,2.672,-1.028,-0.437,-1.292,-1.642,-1.025,0.042,-1.533,-0.532,-0.672,1.571,-1.594,-0.083,-1.804,-0.663,-1.231,-0.172,1.149,-1.406,-1.511,0.43,-0.383,0.183,-0.685,-2.134,1.068,-0.216,1.401,-0.292,0.512,-0.158,0.694,-1.046,0.341,-0.933,1.054,1.164,0.516,-0.349,-1.449,0.744,-0.783
-0.99,0.368,0.255,-1.512,-1.069,1.439,-0.549,0.264,-1.757,3.349,-1.381,-0.394,0.633,0.445,0.318,0.904,-0.347,-0.608,-1.317,0.993,-0.756,-1.634,1.312,1.842,-1.935,0.832,-0.114,-1.478,0.613,0.696,-0.345,1.04,-0.194,-0.666,1.068,0.307,1.469,1.494,0.127,0.308,0.398,-1.48,-0.292,0.232,0.041,-0.761,0.385,0.364,-0.205,0.116,-0.979
0.203,0.316,0.571,-0.918,-0.062,0.707,1.105,0.818,1.045,-0.506,-0.264,-1.655,-0.089,-0.615,0.031,0.042,0.395,-1.822,0.242,0.369,0.413,0.167,0.206,-0.324,-0.427,-1.232,0.219,0.168,-0.326,-0.366,0.532,0.05,0.305,0.117,-0.259,0.355,-1.318,-0.011,-0.099,0.23,0.43,-0.149,-0.22,-0.21,-0.159,0.534,0.835,0.364,0.501,-0.321,0.125
0.893,1.198,-0.206,-0.093,1.636,-0.343,-1.659,0.393,-1.817,-1.452,1.839,-0.505,-0.757,-0.458,0.933,-0.39,-0.474,0.554,1.396,-0.178,-0.806,1.618,0.735,0.854,-0.81,0.416,-0.946,1.27,-0.235,0.165,0.632,-1.853,2.036,0.238,0.314,0.88,-1.322,0.189,1.444,0.55,-0.452,1.754,-0.23,0.615,-0.158,0.648,1.06,1.077,-0.751,0.261,0.294
0.568,0.831,-0.623,-0.391,-0.397,0.96,1.172,0.55,-1.418,-0.616,0.801,-0.387,-1.076,-1.216,0.256,0.042,-0.755,0.499,1.317,-0.968,0.678,-0.564,-2.015,-0.683,0.487,1.029,-0.919,1.505,-0.577,0.165,0.322,-0.765,-0.486,0.707,0.314,0.315,-1.322,-0.978,-1.862,0.275,-0.457,1.504,-0.521,0.29,-0.101,0.964,1.023,-0.834,-0.754,0.958,0.492
-0.19,0.393,0.581,-0.074,0.279,1.268,-0.537,-0.328,0.623,0.972,-0.894,0.083,0.903,0.715,0.393,0.904,0.322,0.369,-0.691,-1.0,0.526,0.092,0.155,0.912,0.192,1.222,-0.506,-0.502,0.426,0.43,0.068,1.438,-0.46,-0.354,-0.621,-0.195,-1.19,0.543,0.145,0.385,1.4,-0.77,1.098,0.402,0.882,-0.04,-0.29,-0.349,0.367,-0.213,0.134
0.418,0.236,-0.825,-0.849,-1.242,-1.145,0.024,1.465,1.335,-0.878,0.504,-0.406,-0.55,-0.285,-0.13,0.042,-0.649,-0.73,0.773,-0.103,1.205,0.029,1.192,-0.537,-1.225,0.191,-0.492,1.288,-0.596,0.961,0.433,1.884,-0.488,0.189,0.396,0.209,-0.606,-1.011,-1.742,0.123,-0.45,1.442,0.698,0.209,-0.829,0.419,-2.315,0.364,0.236,1.063,-0.755
0.858,0.955,0.544,-0.29,-0.938,0.296,0.294,0.291,0.694,-0.684,0.811,-1.186,1.214,1.235,0.872,1.335,-0.03,-1.796,0.791,1.238,0.397,0.158,0.462,0.491,-0.16,-0.602,2.347,0.345,0.736,0.43,0.252,1.164,-0.291,0.939,1.445,0.243,-1.191,-0.577,-0.335,0.474,-0.453,0.175,0.899,0.89,0.668,0.19,0.16,0.245,0.032,-0.269,1.105
-3.298,-2.813,-0.739,-2.115,0.181,-0.595,0.658,-1.393,-1.227,-0.557,-3.656,0.062,0.473,0.025,-1.251,0.904,1.852,0.648,-4.097,0.599,-1.009,0.586,-0.39,-0.185,1.396,-0.364,0.341,-1.479,0.198,0.165,2.431,0.126,-2.134,-0.273,0.51,0.349,1.368,1.204,1.592,-0.329,-0.463,-1.343,-1.033,0.126,-1.163,1.68,2.185,0.364,1.73,2.046,-3.028
0.773,0.255,1.743,-1.182,-0.769,0.984,-0.098,-1.589,1.101,0.276,0.075,-0.324,0.153,0.357,0.892,0.042,-1.786,-0.046,-0.798,0.186,-0.308,-1.321,-1.406,-0.233,-0.678,0.815,-0.191,-1.486,0.89,0.43,0.537,0.991,1.013,0.216,0.314,-0.196,0.801,3.744,-0.562,0.458,2.102,-1.504,0.38,-0.138,-0.311,0.534,0.554,-0.349,-2.198,-1.053,0.15
0.49,0.18,-0.854,-0.835,1.044,-0.965,-0.543,0.997,-0.843,0.989,0.692,-0.828,-1.041,-1.813,-0.214,0.473,-0.344,-0.883,0.572,-0.904,0.99,-0.106,1.6,-0.738,0.573,0.405,-1.111,0.503,-0.667,-1.162,-0.835,2.199,0.036,0.296,-1.013,0.366,-1.32,-0.568,-0.634,0.043,-0.456,1.107,-0.296,-0.118,-0.872,-1.187,-0.29,0.364,-0.688,1.433,-0.202
-0.605,-1.171,-0.264,-1.0,-0.205,0.082,-2.851,0.344,-0.07,-1.353,0.35,-0.2,-0.485,-0.16,-1.16,0.042,-0.79,-0.242,0.402,0.977,-0.789,-0.322,0.334,0.065,1.303,-0.81,1.352,-0.609,-0.277,0.696,-0.576,0.087,0.048,0.524,1.626,0.344,1.151,3.535,1.96,-0.057,2.758,-0.406,-0.59,-0.871,-0.754,-0.843,-0.459,0.364,-0.943,0.507,-1.335
0.054,0.102,1.287,-2.913,-1.027,-1.146,-0.245,0.991,1.584,-1.05,-0.893,-1.055,1.338,1.004,0.281,0.473,-0.69,-1.416,-0.7,0.823,-0.034,-0.852,-0.481,-0.024,-0.771,0.164,1.917,-0.87,0.832,-1.428,0.902,1.553,-1.107,0.239,1.445,0.442,0.113,0.599,-0.33,0.27,1.1,-0.998,-0.152,0.429,-0.319,1.032,0.991,0.438,-0.605,-1.669,-0.156
1.603,1.31,1.784,1.29,-0.756,-0.376,0.043,0.216,0.833,1.259,1.226,-0.902,0.517,0.396,1.833,-1.252,0.683,-1.188,0.801,0.985,0.373,-0.219,0.848,0.351,-3.814,-2.833,0.9,0.661,1.427,0.43,0.069,-0.13,0.574,0.169,0.872,0.309,-0.615,-0.286,-0.248,0.707,0.732,1.003,0.249,1.344,-0.384,-1.172,-1.434,0.364,0.742,-1.211,1.725
0.179,0.146,-0.748,-0.735,0.58,-0.686,1.218,0.306,-1.066,1.024,-0.557,-0.47,-0.054,-0.155,0.197,0.042,-0.032,-0.579,-0.457,1.234,-1.829,0.175,0.679,0.243,-1.509,0.12,0.963,-0.832,-0.123,0.696,-0.391,0.66,-0.936,-1.575,0.872,0.343,1.112,-0.33,0.074,0.256,1.013,-0.89,0.232,0.03,0.414,-0.613,-0.29,0.364,0.062,-0.444,0.071
0.523,0.436,0.717,0.367,-0.688,-1.869,0.929,-0.546,0.435,0.531,0.041,-0.243,0.895,1.011,0.44,0.042,-0.241,-0.272,0.041,-1.339,-0.639,2.123,0.586,-2.861,-0.348,0.605,-2.142,-0.371,0.679,0.165,-0.569,0.007,1.985,0.309,-0.259,0.337,-0.306,0.582,1.06,0.369,-0.453,-0.366,0.404,0.513,0.375,-0.843,0.048,0.364,-0.005,-0.807,0.379
0.453,0.608,0.184,0.286,1.605,0.088,1.368,-1.926,1.963,-0.848,0.663,-0.583,-0.435,-0.315,0.5,-0.39,0.599,0.415,0.171,0.458,2.81,0.842,0.997,-0.81,-1.686,1.427,-0.598,-0.82,0.186,0.165,0.623,-1.133,-0.955,-0.079,0.51,0.89,1.088,-0.185,0.48,0.413,1.291,-0.638,-0.178,0.594,-0.33,0.648,1.06,1.077,0.661,0.119,0.475
-0.994,-1.178,-0.459,-1.453,1.054,1.587,1.384,0.419,-0.012,-0.51,-0.352,-0.046,0.535,0.953,-0.796,0.473,1.604,0.412,-0.336,-1.78,-0.923,-1.892,-0.689,0.417,0.357,0.058,0.313,0.192,0.195,0.165,-1.836,1.24,-0.806,1.265,1.068,0.706,0.963,0.144,-0.04,-0.14,-0.44,0.097,-0.762,0.456,-1.135,-0.499,0.498,0.839,1.761,1.998,-1.297
-0.151,-0.078,0.266,-0.149,0.547,0.96,-0.01,-0.434,0.83,-0.441,-0.162,-1.033,0.233,-0.306,-0.391,0.042,-0.764,-0.61,0.054,0.916,1.232,-1.354,-1.026,1.669,-0.317,0.381,0.348,-0.226,-0.151,-0.897,-0.027,-0.34,-0.996,-0.154,-0.063,0.719,-0.188,0.134,0.389,0.195,0.436,-0.299,0.104,-0.067,0.432,-0.155,0.273,0.839,-0.592,0.275,0.099
0.408,0.585,0.226,-0.349,-0.001,-0.119,0.176,-0.202,-1.425,-1.053,0.248,-0.076,0.49,0.206,0.581,0.042,1.118,0.03,0.168,1.238,0.877,-1.314,-0.948,-0.356,0.234,-0.949,0.301,-0.251,0.167,0.43,0.439,-0.437,1.521,-0.708,0.133,0.333,0.8,0.289,1.968,0.359,-0.45,0.083,-0.085,0.922,0.114,0.419,0.16,0.364,1.16,-0.07,0.516
-0.082,0.362,0.565,0.662,0.028,1.856,0.633,-0.119,0.883,-0.037,0.104,-1.497,0.334,-0.105,0.099,0.042,-0.699,-1.726,0.091,1.051,-0.605,-0.84,0.085,-1.545,2.622,0.831,0.258,0.136,-0.043,-0.853,-0.033,0.643,-0.571,-0.174,0.133,0.699,0.018,0.217,-0.757,0.326,-2.434,-0.003,0.116,0.521,0.284,-0.155,0.273,0.839,-0.744,-0.236,0.519
0.59,0.528,0.901,0.385,0.539,-0.275,-0.834,0.075,-1.04,1.383,-0.083,0.28,1.021,0.893,0.983,0.042,0.571,0.798,-0.043,-0.559,-0.181,0.566,0.48,-1.824,1.08,-1.196,-2.003,0.089,0.883,-1.428,-0.583,-0.705,0.432,-0.107,-0.621,0.358,0.968,0.177,2.93,0.472,2.157,-0.371,-0.689,0.534,-1.072,-0.843,-0.29,0.364,0.214,-0.263,0.462
0.542,0.284,0.407,1.47,-0.182,0.552,0.461,-0.901,0.918,-0.548,-0.195,-0.09,0.906,1.007,0.605,0.042,0.554,-0.12,-0.309,-0.916,0.891,-1.411,0.183,0.19,-0.995,0.103,-2.3,-0.839,0.546,0.165,-0.565,0.362,0.369,-0.04,-0.063,0.334,1.112,0.129,0.824,0.401,-0.455,-1.041,0.519,0.168,-0.157,-1.005,-0.965,0.364,0.512,0.054,0.172
0.115,0.213,-0.497,-1.792,-1.146,1.626,1.271,0.438,-0.772,-0.002,0.806,-0.171,-0.285,-0.265,0.009,0.042,0.076,0.04,0.704,0.9,-0.82,0.596,0.035,-2.326,-3.008,-1.127,-1.272,1.476,-1.236,-0.366,0.445,-0.591,0.824,-0.355,0.314,0.345,0.094,-0.045,1.797,0.157,-0.458,1.739,-0.245,-0.294,-0.112,0.419,0.16,0.364,-0.176,0.659,-0.297
0.829,0.92,0.055,-1.402,-0.923,0.897,-0.1,1.078,1.695,-0.515,0.492,-0.174,0.131,0.187,0.793,0.042,0.591,0.103,0.6,-0.472,-1.804,-1.913,0.305,0.9,0.717,-1.206,0.486,0.452,0.0,0.165,0.434,0.627,0.196,0.339,0.314,0.28,0.941,-0.001,0.528,0.417,0.718,0.445,1.587,0.69,1.678,-0.212,-0.459,0.364,0.627,0.007,0.662
-0.971,-1.297,-0.924,-0.349,0.048,1.729,0.35,0.781,0.236,-0.43,1.035,-0.609,-1.019,-0.533,-1.175,-0.39,-0.137,0.441,1.096,0.123,1.503,1.46,0.57,-0.81,-0.381,0.524,0.793,1.755,-1.081,0.165,0.425,-2.126,-0.267,0.126,0.314,1.326,-1.322,-0.921,1.584,-0.046,-0.453,1.964,-0.449,-0.712,0.501,0.419,1.397,1.671,0.385,1.398,-0.917
